line_number,status,reasons,left_or_columns,right
3899,malformed_unrepaired,malformed_csv,"ᎬᏂᏛ ᏕᎦᏅᏅ ᏕᏍᎩᎾᏄᎪᏫᏎᎸ, ᎠᎵᎮᎵᏍᏗ ᎨᏒ ᏓᏍᎩᎧᎵᎢᏍᏔᏂ ᏣᎧᏛ ᏛᏔᏂ."", Thou madest known unto me the ways of life; Thou shalt make me full of gladness with thy countenance.""",
4087,malformed_unrepaired,malformed_csv,"ᏝᏍᎪ ᎠᏉᏰᏂ ᎠᏋᏔᏅᎯ ᎠᏉᏢᏅᎯ ᏱᎩ ᎯᎠ ᏂᎦᏛ ᏥᏄᏍᏗᏓᎾ?"", Did not my hand make all these things?""",
4130,malformed_unrepaired,malformed_csv,"ᎤᏲ ᏄᏛᎿᏕᎬᎢ ᎠᏥᎩᎡᎸᎩ ᎤᏤᎵ ᎨᏒ ᏚᏳᎪᏛᎢ; ᎠᎴ ᎦᎪ ᏙᏓᎧᏃᎮᎵ ᏴᏫ ᎾᎯᏳ ᏤᎮ ᎠᏁᎯ? ᎬᏅᏰᏃ ᎤᏂᎩᏒᎩ ᎡᎶᎯ."", In his humiliation his judgment was taken away: His generation who shall declare? For his life is taken from the earth.""",
8411,malformed_unrepaired,malformed_csv,"ᎨᏍᏗ ᎠᏰᎵ ᏯᎾᏓᏬᎠ ᎦᏣᏄᎵ ᎨᏴᎢ ᎠᎹ, ᎭᎾᎾ ᎠᎾᏓᏉᏍᎪ ᎠᏁᏉᎯᎨ ᎠᏂᏣᏗ, ᎭᏂ ᏥᎾᏓᏬ ᏃᏉ!"", They do not swim in the middle where the fast water flows. That is where the big fish swim and that is where we are now!""""",
2,rejected,low_cherokee_left|english_left,Chunestudy feels at home as CHC curator - ᏣᎳᎩ,Chunestudy feels at home as CHC curator
5,rejected,low_cherokee_left,"Callie Chunestudy, 34, ᏅᏓᏕᏆ.","Callie Chunestudy, 34, took over the position on Nov."
311,rejected,source_tag,"ᎯᎠᏃ ᏄᎵᏍᏔᏅᎩ, ᎦᏅᎬ [ᎠᎵᏍᏓᏴᎲᏍᎬ] ᎦᎵᏦᏕ, ᎬᏂᏳᏉ ᎤᏂᏣᏛᎩ ᎠᏕᎸ ᎠᏂᎩᏏᏙᎯ ᎠᎴ ᎠᏂᏍᎦᎾ ᎤᏂᎷᏨ ᎤᎾᏂᏢᏅᎩ ᎠᏂᏅᏜᎥ ᏥᏌ ᎠᎴ ᎬᏩᏍᏓᏩᏗᏙᎯ.","And it came to pass, as he sat at meat in the house, behold, many publicans and sinners came and sat down with Jesus and his disciples."
315,rejected,source_tag,"ᎿᏉᏃ ᏣᏂ ᎬᏩᏍᏓᏩᏗᏙᎯ [ᏥᏌ] ᎬᏩᎷᏤᎸᎩ, ᎯᎠ ᏂᎬᏩᏪᏎᎸᎩ; ᎦᏙᏃ ᎠᏴ ᎠᏂᏆᎵᏏᏃ ᏯᏃ ᎠᎹᏟ ᏦᏨᏍᎦ, ᏂᎯᏃ ᎨᏣᏍᏓᏩᏗᏙᎯ ᎠᎹᏟ ᎾᏅᏍᎬᎾ ᏥᎩ?","Then come to him the disciples of John, saying, Why do we and the Pharisees fast oft, but thy disciples fast not?"
561,rejected,source_tag,"ᏂᎦᎸᏉᏗᏍᎬᎾᏃ ᎢᎨᏎᏍᏗ ᎤᏙᏓ, ᎠᎴ ᎤᏥ, [ᎥᏝ ᎤᏍᎦᏅᏨᎯ ᏱᎨᏎᏍᏗ,] ᎢᏣᏗᏍᎪᎢ. ᎾᏍᎩ ᎯᎠ ᎡᏘ ᎠᏁᎯ ᎤᏂᏃᎮᎸᎯ ᎢᏨᏔᏅ ᎠᏎᏉ ᏂᏨᏁᎸ ᎤᏁᎳᏅᎯ ᎤᏁᏨᎯ.",he shall not honor his father. And ye have made void the word of God because of your tradition.
608,rejected,source_tag,"ᎯᎠᏃ ᏄᏂᏪᏒᎩ; ᎢᎦᏛ ᏣᎦᏛ ᏣᏂ ᏗᏓᏬᏍᎩ [ᎨᏦᏎᎰᎢ,] ᎢᎦᏛᏃ ᎢᎳᏯ, ᎠᏂᏐᎢᏃ ᏤᎵᎹᏯ ᎠᎴ ᎩᎶ ᎢᏳᏍᏗ ᎠᎾᏙᎴᎰᏍᎩ ᎨᏒᎢ.","And they said, Some say John the Baptist; some, Elijah; and others, Jeremiah, or one of the prophets."
996,rejected,source_tag,ᎤᏒᏃ ᏄᎵᏍᏔᏅ ᎤᎾᏂᏢᏅᎩ [ᏥᏌ] ᏔᎳᏚ ᎢᏯᏂᏛ ᎬᏩᏍᏓᏩᏗᏙᎯ,"Now when even was come, he was sitting at meat with the twelve disciples;"
1037,rejected,source_tag,"ᎯᎠ ᏂᏚᏪᏒᎩ; ᏰᎵᏉ ᏱᏥᏲᏍᏓ ᎤᏁᎳᏅᎯ ᎤᏤᎵ ᎤᏛᎾ-ᏗᎦᎳᏫᎢᏍᏗᏱ, ᏦᎢᏉᏃ ᏧᏙᏓᏆᏛ [ᏔᎵᏁ] ᏴᎦᏁᏍᎬᎵ.","and said, This man said, I am able to destroy the temple of God, and to build it in three days."
1197,rejected,source_tag,"ᎯᎠᏃ ᏄᎵᏍᏔᏁᎢ, ᎾᏍᎩ [ᏥᏌ] ᎦᏅᎬ ᎠᎵᏍᏓᏴᎲᏍᎬ ᎾᏍᎩ ᎦᏁᎸᎢ, ᎤᏂᏣᏖ ᎠᏕᎸ ᎠᏂᎩᏏᏙᎯ ᎠᎴ ᎠᏂᏍᎦᎾ ᎢᏧᎳᎭ ᏓᏂᏅᎨ ᏥᏌ ᎠᎴ ᎬᏩᏍᏓᏩᏗᏙᎯ; ᎤᏂᏣᏖᏰᏃ, ᎠᎴ ᎬᏩᏍᏓᏩᏗᏙᎮᎢ.","And it came to pass, that he was sitting at meat in his house, and many publicans and sinners sat down with Jesus and his disciples: for there were many, and they followed him."
1308,rejected,source_tag,"ᎠᎴ ᎬᏂᏳᏉ ᎤᎷᏤ ᎩᎶ ᎢᏳᏍᏗ ᏄᎬᏫᏳᏌᏕᎩ ᏗᎦᎳᏫᎢᏍᏗᏱ, ᏤᎳ ᏧᏙᎢᏛ; ᎤᎪᎲᏃ [ᏥᏌ] ᏚᎳᏍᎬ ᎤᏓᏅᏁᎢ,","And there cometh one of the rulers of the synagogue, Jairus by name; and seeing him, he falleth at his feet,"
1349,rejected,source_tag,"ᎡᎶᏛᏰᏃ ᎤᎸᏉᏗᏳ ᎨᏎ ᏣᏂ, ᎠᎦᏔᎮᏰᏃ ᎤᏓᏅᏘᏳ ᎠᎴ ᎾᏍᎦᏅᎾ ᎨᏒ ᎠᏍᎦᏯ, ᎠᎴ ᎤᎦᏌᏯᏍᏗᏳ ᎨᏎᎢ; ᎾᏍᎩᏃ ᎤᏛᎦᏅ [ᎠᏓᏥᏙᎲᏍᎬ,] ᎤᏣᏖ ᏚᎸᏫᏍᏓᏁᎴᎢ, ᎠᎴ ᎤᎵᎮᎵᏨᎯ ᎠᏛᏓᏍᏓᏁᎮᎢ.","for Herod feared John, knowing that he was a righteous and holy man, and kept him safe. And when he heard him, he was much perplexed; and he heard him gladly."
1352,rejected,source_tag,"ᎤᏎᎵᏓᏁᎴᏃ [ᎯᎠ ᏄᏪᏎᎢ,] ᎢᏳᏍᏗᏉ ᎮᎵᏍᎬ ᏍᎩᏔᏲᏏ, ᏓᎬᏁᎵᏃ, ᎾᏍᏉ ᎠᏰᎵ ᎢᏴᏛ ᏱᎩ ᎾᎿ ᎠᎩᎬᏫᏳᎯ ᎨᏒᎢ.","And he sware unto her, Whatsoever thou shalt ask of me, I will give it thee, unto the half of my kingdom."
1396,rejected,source_tag,"ᏂᎯᏍᎩᏂ ᎯᎠ ᏂᏥᏪᎭ, ᎢᏳᏃ ᎩᎶ ᎯᎠ ᏂᎦᏪᏎᎮᏍᏗ ᎤᏙᏓ ᎠᎴ ᎤᏥ, ᎪᏆᏂ, (ᎾᏍᎩ ᎦᏛᎬ, ᎠᏆᎵᏍᎪᎸᏔᏅᎯ,) ᏂᎦᎥ ᎨᏣᎵᏍᏕᎸᏙᏗ ᎨᏒ ᎠᏴ ᎬᏍᏕᎵᏍᎬᎢ; [ᎾᏍᎩ ᎤᏚᏓᎴᏛ ᎨᏎᏍᏗ.]","but ye say, If a man shall say to his father or his mother, That wherewith thou mightest have been profited by me is Corban, that is to say, Given to God;"
1436,rejected,source_tag,"[ᎬᏩᏍᏓᏩᏗᏙᎯᏃ] ᎤᏅᎨᏫᏒᎯ ᎨᏎ ᎦᏚ ᏧᎾᏕᏅᏗᏱ, ᎥᏝ ᎠᎴ ᏳᎶᏒᏍᏕ ᏌᏉ ᎦᏚ ᎤᏂᎸ ᏥᏳᎯ.",And they forgot to take bread; and they had not in the boat with them more than one loaf.
1442,rejected,source_tag,"ᎦᎵᏉᏗᏃ [ᎦᏚ] ᏅᎩ ᎢᏯᎦᏴᎵ ᏕᏥᏁᎸ, ᎢᎳᎪ ᎢᏯᎧᎵᎢ ᏔᎷᏣ ᎤᎵᎬᎭᎷᏴᎯ ᎢᏧᏖᏎᎢ? ᎦᎵᏉᎩ ᎤᎾᏛᏁᎢ.","And when the seven among the four thousand, how many basketfuls of broken pieces took ye up? And they say unto him, Seven."
1450,rejected,source_tag,"ᎯᎠᏃ ᏄᏂᏪᏎᎢ, ᏣᏂ ᏗᏓᏬᏍᎩ; ᎢᎦᏛᏍᎩᏂ ᎢᎳᏯ [ᎠᎾᏗᎭ;] ᎢᎦᏛᏃ, ᎩᎶ ᎢᏳᏍᏗ ᎠᎾᏙᎴᎰᏍᎩ.","And they told him, saying, John the Baptist; and others, Elijah; but others, One of the prophets."
1486,rejected,source_tag,"[ᎠᏓᏅᏙᏃ] ᎤᏪᎷᏅ, ᎠᎴ ᎤᏣᏘ ᎤᎩᎸᏅ, ᎤᏄᎪᏤᎢ; ᎠᎴ ᎤᏲᎱᏒᎯᏉ ᎾᏍᎩᏯ ᎨᏎᎢ; ᎾᏍᎩ ᎢᏳᏍᏗ ᎤᏂᏣᏖ, ᎠᏲᎱᎯ, ᎠᎾᏗᏍᎨᎢ.","And having cried out, and torn him much, he came out: and the boy became as one dead; insomuch that the more part said, He is dead."
1543,rejected,source_tag,"[ᎯᎠ ᏂᎦᏪᏍᎨᎢ;] ᎬᏂᏳᏉ ᏥᎷᏏᎵᎻ ᏫᏗᎦᏘ; ᎠᎴ ᏴᏫ ᎤᏪᏥ ᏙᏓᏰᏥᏲᏏ ᏄᏂᎬᏫᏳᏒ ᎠᏥᎸ ᎠᏁᎶᎯ ᎠᎴ ᏗᏃᏪᎵᏍᎩ ᏙᏓᎨᏥᏲᎯᏎᎵ; ᎠᎴ ᏙᏓᎬᏭᎪᏓᏁᎵ ᎤᏲᎱᎯᏍᏗᏱ, ᎠᎴ ᏧᎾᏓᎴᏅᏛ ᏴᏫ ᏫᏙᏛᏂᏲᎯᏎᎵ;","saying, Behold, we go up to Jerusalem; and the Son of man shall be delivered unto the chief priests and the scribes; and they shall condemn him to death, and shall deliver him unto the Gentiles:"
1561,rejected,source_tag,"ᏥᏌᏃ ᎤᏁᏨ ᎯᎠ ᏄᏪᏎᎴᎢ, ᎦᏙ ᏣᏚᎷ ᎬᏯᏛᏁᏗᏱ? ᏗᎨᏫᏃ ᎯᎠ ᏄᏪᏎᎴᎢ, ᏣᎬᏫᏳᎯ, ᎥᎠᎩᎪᏩᏛᏗᏱ [ᎠᏆᏚᎵᎭ.]","And Jesus answered him, and said, What wilt thou that I should do unto thee? And the blind man said unto him, Rabboni, that I may receive my sight."
1832,rejected,source_tag,"ᎠᎴ ᎢᎬᏱ ᏓᏳᏪᏅᎡᎵ [ᎤᎬᏫᏳᎯ] ᎢᎳᏯ ᎾᏍᎩᏯ ᎨᏎᏍᏗ ᎤᏓᏅᏙᎩ ᎠᎴ ᎤᎵᏂᎩᏗᏳ ᎨᏒᎢ, ᏔᎦᏔᎲᏍᏗᏱ ᏧᏂᎾᏫ ᎠᏂᎦᏴᎵᎨᎢ ᏗᏂᏲᎵ ᎢᏗᏢ ᏫᏚᎦᏔᎲᏍᏙᏗᏱ, ᎠᎴ ᏄᏃᎯᏳᏒᎾ ᏧᎦᏔᎲᏍᏗᏱ ᎤᎾᏓᏅᏘ ᎠᏂᎦᏔᎿᎥ ᎢᏗᏢ ᏫᏚᎦᏔᎲᏍᏙᏗᏱ; ᏧᏛᏅᎢᏍᏙᏗᏱ ᏴᏫ, ᎤᎬᏫᏳᎯ ᏧᏛᏅᎢᏍᏓᏁᏗᏱ.","And he shall go before his face in the spirit and power of Elijah, to turn the hearts of the fathers to the children, and the disobedient to walk in the wisdom of the just; to make ready for the Lord a people prepared for him."
2043,rejected,source_tag,"ᎤᏁᏤᎴᏃ ᎩᎶ ᎤᏃᏁᏗᏱ ᏂᎨᏒᎾ; ᎮᎾᏉᏍᎩᏂ, [ᎤᏬᏎᎴᎢ,] ᏫᏯᏓᎾᏄᎪᏫᏏ ᎠᏥᎸ-ᎨᎶᎯ, ᎠᎴ ᎼᏏ ᎤᏁᏨ ᏣᏓᏅᎦᎸᎲ ᎠᎵᏍᎪᎸᏙᏗ ᏫᎲᎦ, ᎾᏍᎩ ᎤᎾᏙᎴᎰᎯᏍᏙᏗ.","And he charged him to tell no man: but go thy way, and show thyself to the priest, and offer for thy cleansing, according as Moses commanded, for a testimony unto them."
2047,rejected,source_tag,"ᎠᎴ ᎬᏂᏳᏉ ᎩᎶ ᎢᏳᎾᏍᏗ ᎠᏂᏍᎦᏯ ᎤᏂᏃᎴ ᎠᏤᏍᏙᎩᎯ ᎦᏅᎨ ᎠᏍᎦᏯ ᎤᎸᏓᎸᎥᏍᎩ; ᎤᎾᏁᎶᎳᏁᏃ ᎤᏂᏴᏔᏂᎯᏍᏗᏱ, ᎠᎴ [ᏥᏌ] ᎢᎬᏱᏢ ᎤᏂᏅᏁᏗᏱ.","And behold, men bring on a bed a man that was palsied: and they sought to bring him in, and to lay him before him."
2100,rejected,source_tag,"ᎢᏳᏰᏃ ᎨᏥᎨᏳᎯᏉ [ᎤᏅᏒ] ᏱᏗᏥᎨᏳᎭ, ᎦᏙ ᎢᏥᎭ ᎦᏰᏣᎵᎡᎵᏤᏗ ᎨᏒᎢ? ᎠᏂᏍᎦᎾᏰᏃ ᎾᏍᏉ ᏚᏂᎨᏳᏐ ᎬᏩᏂᎨᏳᎯ.","And if ye love them that love you, what thank have ye? for even sinners love those that love them."
2110,rejected,too_long,"ᎠᎴ ᎦᏙ ᏱᎦᎵᏍᏙᏓ ᎯᎠ ᏱᏂᏪᏏ ᏗᏍᏓᏓᏅᏟ; ᏗᎾᏓᏅᏟ ᎬᎸᏏ ᎤᏢᏓᎸᏛ ᏣᎦᏑᎲᎢ, ᏨᏒᏃ ᏂᎪᏩᏘᏍᎬᎾ ᎤᏃᏍᏛ ᎠᏓ ᏨᏒ ᏣᎦᏑᎲᎢ? ᏣᏠᎾᏍᏗ! ᎢᎬᏱ ᎯᎸ ᎤᏃᏍᏛ ᎠᏓ ᏨᏒ ᏣᎦᏑᎲᎢ, ᎿᏉᏃ ᎬᏂᎨᏒᎢᏳ ᏣᎪᏩᏛᏗᏱ ᎨᏎᏍᏗ ᎯᎸᎡᏗᏱ ᎤᏢᏓᎸᏛ ᏗᏍᏓᏓᏅᏟ ᎤᎦᏑᎲᎢ.","Or how canst thou say to thy brother, Brother, let me cast out the mote that is in thine eye, when thou thyself beholdest not the beam that is in thine own eye? Thou hypocrite, cast out first the beam out of thine own eye, and then shalt thou see clearly to cast out the mote that is in thy brother’s eye."
2242,rejected,source_tag,"ᎤᏂᏁᏨᏃ ᎯᎠ ᏄᏂᏪᏎᎢ, ᏣᏂ ᏗᏓᏬᏍᎩ; ᎢᎦᏛᏍᎩᏂ ᎢᎳᏯ; ᎠᏂᏐᎢᏃ, ᎩᎶ ᎢᏳᏍᏗ ᎢᎸᎯᏳ ᎤᎾᏕᏅᎯ ᎠᎾᏙᎴᎰᏍᎩ ᏚᎴᎯᏌᏅ [ᎠᎾᏗᏍᎪᎢ.]","And they answering said, John the Baptist; but others say, Elijah; and others, that one of the old prophets is risen again."
2418,rejected,source_tag,"ᎣᏏᏳ ᎢᏳᎾᎵᏍᏓᏁᏗ ᎾᏍᎩ ᎨᏥᏅᏏᏓᏍᏗ, ᎤᏂᏅᏏᏙᎯ ᎦᎷᏨᎭ ᏓᏩᏛᎲᎭ ᎠᏂᏯᏫᏍᎬᎢ; ᎤᏙᎯᏳᎯᏯ ᎢᏣᏲᏎᎭ ᏛᏓᏠᎵ ᎤᏩᏒ, ᎠᎴ ᏙᏓᎧᏁᏤᎵ ᎤᎾᏂᏢᏗᏱ [ᎤᎾᎵᏍᏓᏴᏗᏱ,] ᎠᎴ ᏓᎦᎷᏥ ᏙᏛᏍᏕᎸᎯ.","Blessed are those servants, whom the lord when he cometh shall find watching: verily I say unto you, that he shall gird himself, and make them sit down to meat, and shall come and serve them."
2485,rejected,source_tag,"ᎡᏣᏯᏂᏍᎨᏍᏗᏍᎩᏂ, ᎮᎨᏍᏗ ᎠᎴ ᏣᏂᏏᎲᏍᎨᏍᏗ ᎡᎳᏗ ᎨᏒ ᏗᏂᏢᏗᏱ; ᎾᏍᎩᏃ ᏫᏣᏯᏅᏛ ᎦᎷᎨᏍᏗ, ᎯᎠ ᎢᏳᏣᏪᏎᏗ ᏱᎩ, ᎩᎾᎵᎢ, ᎦᎸᎳᏗᏢᏍᏙᏗ ᏫᎶᎯ; ᎿᏉ ᎡᏣᎸᏉᏗᏳ ᎨᏎᏍᏗ ᎠᏂᎦᏔᎲ ᎢᏧᎳᎭ ᎢᏥᏂᏜᎢ [ᏗᎵᏍᏓᏴᏗᏱ.]","But when thou art bidden, go and sit down in the lowest place; that when he that hath bidden thee cometh, he may say to thee, Friend, go up higher: then shalt thou have glory in the presence of all that sit at meat with thee."
2491,rejected,source_tag,"ᎠᎴ [ᏥᏌ] ᎯᎠ ᏄᏪᏎᎴᎢ, ᎩᎶ ᎢᏳᏍᏗ ᎠᏍᎦᏯ ᎤᏣᏘ ᏚᏕᎳᏍᏔᏁᎢ, ᎠᎴ ᎤᏂᏣᏘ ᏫᏚᏯᏅᎮᎢ;","But he said unto him, A certain man made a great supper; and he bade many:"
2681,rejected,source_tag,"[ᏥᏌᏃ] ᎾᏍᎩ ᏄᏪᏒ, ᎢᎬᏱ ᎤᏪᏅᎭ ᎤᎿᎷᏎ ᏥᎷᏏᎵᎻ ᏩᎦᏖᎢ.","And when he had thus spoken, he went on before, going up to Jerusalem."
2970,rejected,source_tag,ᎾᏍᎩ [ᎧᏃᎮᏛ] ᎬᏂᏛ ᎤᏪᎮᎢ; ᎠᎴ ᎾᏍᎩ ᎬᏂᏛ ᏴᏫ ᎢᎦ ᎤᎾᏘᏍᏓᏁᎯ ᎨᏎᎢ.,In him was life; and the life was the light of men.
2981,rejected,source_tag,"ᏣᏂ ᎧᏃᎮᏍᎬᎩ ᎾᏍᎩ [ᎧᏃᎮᏛ,] ᎠᎴ ᎤᏪᎷᏅᎩ ᎯᎠ ᏄᏪᏒᎩ; ᎯᎠ ᎾᏍᎩ ᏥᏥᏃᎮᏍᎬᎩ, ᎯᎠ ᏥᏂᏥᏪᏍᎬᎩ, ᎣᏂ ᏨᏓᏯᎢ ᎢᎬᏱ ᎠᎦᎴᏗ, ᎾᏍᎩᏰᏃ ᎡᎲᎩ ᎠᏏ ᏂᎨᎥᎾ ᏥᎨᏒᎩ.","John beareth witness of him, and crieth, saying, This was he of whom I said, He that cometh after me is become before me: for he was before me."
3006,rejected,source_tag,"ᎠᏏᏴᏫ ᎾᏍᎩ Ꮎ ᎠᏂᏔᎵ ᏣᏂ ᎤᎾᏛᎦᏁᎸᎯ, ᎠᎴ [ᏥᏌ] ᎤᏂᏍᏓᏩᏛᏛ, ᎾᏍᎩ ᎡᏂᏗ ᎨᏒᎩ, ᏌᏩᏂ ᏈᏓ ᏗᎾᏓᏅᏟ.","One of the two that heard John speak, and followed him, was Andrew, Simon Peter’s brother."
3104,rejected,source_tag,ᏥᏌ ᎯᎠ ᏄᏪᏎᎴᎢ; ᎠᏴ ᏥᎬ ᏬᏁᏗᎭ ᎾᏍᎩ [ᎺᏌᏯ.],"Jesus saith unto her, I that speak unto thee am he."
3149,rejected,source_tag,"ᎠᏎᏃ ᏥᏌ ᏚᏁᏤᎸᎩ [ᎯᎠ ᏂᏚᏪᏎᎸᎩ,] ᎡᏙᏓ ᎪᎯ ᎢᏯᏍᏘ ᏚᎸᏫᏍᏓᏁᎰᎢ, ᎠᏴᏃ ᎾᏍᏉ ᏓᎩᎸᏫᏍᏓᏁᎰᎢ.","But Jesus answered them, My Father worketh even until now, and I work."
3151,rejected,source_tag,"ᎿᏉᏃ ᏥᏌ ᎤᏁᏨ ᎯᎠ ᏂᏚᏪᏎᎸᎩ; ᎤᏙᎯᏳᎯᏯ ᎤᏙᎯᏳᎯᏯ ᎯᎠ ᏂᏨᏪᏎᎭ; [ᎤᏁᎳᏅᎯ] ᎤᏪᏥ ᎥᏝ ᏰᎵᎦ ᎪᎱᏍᏗ ᎤᏩᏒ ᎨᏒ ᏱᏙᎬᏩᎸᏫᏍᏓᏏ, ᎠᎪᏩᏘᏍᎬᏍᎩᏂ ᎤᏙᏓ ᏚᎸᏫᏍᏓᏁᎲᎢ; ᎾᏍᎩᏰᏃ ᏄᏍᏛ ᏚᎸᏫᏍᏓᏁᎲᎢ ᎾᏍᎩ ᎾᏍᏉ ᎤᏪᏥ ᏚᎸᏫᏍᏓᏁᎰᎢ.","Jesus therefore answered and said unto them, Verily, verily, I say unto you, The Son can do nothing of himself, but what he seeth the Father doing: for what things soever he doeth, these the Son also doeth in like manner."
3363,rejected,source_tag,"[ᏥᏌᏃ] ᎤᎶᏒ ᎤᎪᎲᎩ ᎠᏍᎦᏯ, ᎾᏍᎩ ᏗᎨᏫ ᏂᎨᏎ ᎤᏕᏅ.","And as he passed by, he saw a man blind from his birth."
3529,rejected,source_tag,"ᎿᏉ ᎠᏆᏓᏅᏙ ᎡᏕᏯᏔᏁᎭ; ᎦᏙᏃ ᏓᎦᏛᏂ? [ᎯᎠᏍᎪ ᏅᏓᏥᏪᏏ,] ᎡᏙᏓ, ᏍᏊᏓᎳᎩ ᎪᎯ ᎨᏒᎢ? ᎠᏎᏃ ᎾᏍᎩ ᎢᏳᏍᏗ ᏣᎩᏍᏆᎸᎡ ᎪᎯ ᎠᎩᏍᏆᎸᎡᏗᏱ ᎠᎩᎷᏥᎸ.","Now is my soul troubled; and what shall I say? Father, save me from this hour. But for this cause came I unto this hour."
3646,rejected,source_tag,"ᎠᏎᏃ [ᎾᏍᎩ ᏄᎵᏍᏔᏅᎩ] ᎤᏙᎯᏳᏗᏱ ᎠᏰᎸᏒ ᎤᎵᏁᏨ ᎯᎠ ᏥᏂᎬᏅ ᏥᎪᏪᎳ ᏧᏂᎧᎿᏩᏛᏍᏗᏱ; ᎠᏎᏉ ᎬᎩᏍᎦᎬᎩ.""""","But this cometh to pass, that the word may be fulfilled that is written in their law, They hated me without a cause."
3739,rejected,source_tag,"[ᎾᏍᎩ ᏄᎵᏍᏔᏅᎩ] ᎤᏙᎯᏳᏗᏱ ᏥᏌ ᎤᏁᏨᎢ, ᎦᏛᎬ ᎢᏳᎵᏍᏓᏁᏗᏱ ᎤᏲᎱᎯᏍᏗᏱ.","that the word of Jesus might be fulfilled, which he spake, signifying by what manner of death he should die."
3849,rejected,source_tag,"ᏚᏂᎳᏫᏨᏃ ᏚᏁᏤᎴ ᏥᎷᏏᎵᎻ ᎤᏂᎷᎪᎢᏍᏗᏱ ᏂᎨᏒᎾ, ᎤᏂᎦᏘᏗᏍᏗᏱᏍᎩᏂ ᎠᎦᏴᎵᎨ ᎤᏚᎢᏍᏔᏅᎢ, ᎾᏍᎩ ᏍᎩᏯᏛᎦᏁᎸᎯ ᏥᎩ, [ᏚᏬᏎᎴᎢ.]","and, being assembled together with them, he charged them not to depart from Jerusalem, but to wait for the promise of the Father, which, said he, ye heard from me:"
4028,rejected,source_tag,ᎾᏍᎩᏃ ᎨᏥᏅᏏᏛ ᎠᏂᏅ ᎢᎬᏱᏗᏢ ᏚᏂᎧᏁᎢ; [ᎨᏥᏅᏛᏃ] ᎤᎾᏓᏙᎵᏍᏔᏅ ᏚᎾᏏᏔᏕᎢ.,"whom they set before the apostles: and when they had prayed, they laid their hands upon them."
4039,rejected,source_tag,"[ᏍᏗᏫᏃ] ᎯᎠ ᏄᏪᏎᎢ; ᎢᏥᏍᎦᏯ ᎢᏓᏓᏅᏟ ᎠᎴ ᏗᎩᏙᏓ, ᎢᏣᏛᏓᏍᏓ. ᎤᏁᎳᏅᎯ ᎠᏥᎸᏉᏗ ᎬᏂᎨᏒ ᏄᏛᏁᎴ ᎢᎩᏙᏓ ᎡᏆᎭᎻ ᎾᏍᎩ ᎾᎯᏳ ᎺᏌᏆᏕᎻ ᏤᎮᎢ, ᎠᏏᏉ ᎨᎳᏂ ᎾᏁᎳᏗᏍᎬᎾ ᏥᎨᏎᎢ;","And he said, Brethren and fathers, hearken: The God of glory appeared unto our father Abraham, when he was in Mesopotamia, before he dwelt in Haran,"
4068,rejected,source_tag,"ᎼᏏᏃ ᎤᎪᎲ ᎤᏍᏆᏂᎪᏎ ᏄᏍᏛ ᎠᎪᏩᏘᏍᎬᎢ. ᎤᎪᎵᏰᏗᏱᏃ ᎤᏰᎸᏅ ᎾᎥ ᏭᎷᏨ ᏗᎪᎵ-ᏰᏎᎢ, ᎤᎬᏫᏳᎯ ᎧᏁᎬ ᎤᏛᎦᏁ [ᎯᎠ ᏂᎦᏪᏍᎨᎢ;]","And when Moses saw it, he wondered at the sight: and as he drew near to behold, there came a voice of the Lord,"
4321,rejected,source_tag,"ᎾᏍᎩ ᎢᏳᏍᏗ ᎢᏣᏅᏖᏍᏗ ᎢᏥᏍᎦᏯ ᏗᏓᏓᏅᏟ, ᎾᏍᎩ ᎯᎠ [ᎠᏍᎦᏯ] ᎢᏳᏩᏂᏌᏛ ᎡᏥᏃᏁᎭ ᎦᏰᏥᏙᎵᏍᏗ ᎨᏒ ᎢᏥᏍᎦᏅᏨᎢ.","Be it known unto you therefore, brethren, that through this man is proclaimed unto you remission of sins:"
4330,rejected,source_tag,"ᎾᏍᎩᏰᏃ ᏄᏍᏗ ᎤᎬᏫᏳᎯ ᎣᎩᏂᏁᏤᎸ, [ᎯᎠ ᏂᎦᏪᎭ;] ᎬᏯᎧᏅ ᎢᎦ ᏔᏘᏍᏓᏁᏗᏱ ᏧᎾᏓᎴᏅᏛ ᏴᏫ, ᎤᎵᏍᏕᎸᏙᏗ ᎢᏣᎵᏍᏙᏗᏱ ᎡᎶᎯ ᏂᎬᎾᏛᎢ.""""","For so hath the Lord commanded us, saying, I have set thee for a light of the Gentiles, That thou shouldest be for salvation unto the uttermost part of the earth."
4566,rejected,source_tag,"[ᎠᎴ ᎢᏥᎦᏔᎭ] ᎪᎱᏍᏗ ᎢᏣᎵᏍᏕᎸᏙᏗ ᎠᏋᏍᎦᎳᏅᎯ ᏂᎨᏒᎾ ᎨᏒᎢ, ᎢᏨᎾᏄᎪᏫᏎᎸᏉᏍᎩᏂ ᎠᎴ ᏕᏨᏰᏲᏅ ᏕᎦᎳᏫᎥᎢ ᎠᎴ ᏓᏓᏁᎳᏗᏒᎢ,","how I shrank not from declaring unto you anything that was profitable, and teaching you publicly, and from house to house,"
4691,rejected,too_long,"ᏩᏥᏯᏅᎲᏃ ᏔᏓᎳ ᎤᎴᏅᎲᎩ ᎤᏬᎯᏍᏔᏅᎩ, ᎯᎠ ᏄᏪᏒᎩ; ᏂᎯ ᎢᏣᏂᏌᏅᎯ ᎤᏣᏘ ᏅᏩᏙᎯᏯᏛ ᏦᏤᎭ, ᎠᎴ ᎣᏍᏛ ᏥᏄᎾᎵᏍᏓᏁᎭ ᏴᏫ ᎣᎦᏤᎵᎪᎯ ᏣᎦᏌᏯᏍᏗᏳ ᎨᏒ ᏥᏅᏗᎦᎵᏍᏙᏗᎭ, , And when he was called, Tertullus began to accuse him, saying, Seeing that by thee we enjoy much peace, and that by thy providence evils are corrected for this nation, ᎾᏍᎩ ᎢᏳᏍᏗ, ᎰᏍᏛ ᏈᎵᏏ, ᏂᎪᎯᎸ ᎠᎴ ᏂᎬᎾᏛ ᏂᎦᎥ ᎠᎵᎮᎵᏍᏗ ᎨᏒ ᎣᏣᏓᏂᎸᎪᎢ.""","we accept it in all ways and in all places, most excellent Felix, with all thankfulness."
4735,rejected,source_tag,"ᎠᎴ ᎾᏍᎩ ᎢᏳᏍᏗ ᎧᏃᎮᏛ ᎨᏒ ᏓᏆᏢᏫᏎᎲᎢ ᏅᏓᏳᎵᏍᏙᏔᏅᎩ, ᎯᎠ ᏅᏥᏪᏎᎸᎩ [ᏉᎳ]; ᏣᏚᎵᏍᎪ ᏥᎷᏏᎵᎻ ᏤᏅᏍᏗᏱ ᎾᎿᏃ ᎯᎠ ᎾᏍᎩ ᏂᎦᏛ ᏤᏧᎪᏓᏁᏗᏱ.","And I, being perplexed how to inquire concerning these things, asked whether he would go to Jerusalem and there be judged of these matters."
4835,rejected,too_long,"ᏦᎢᏃ ᏫᏄᏒᎸ ᎯᎠ ᏄᎵᏍᏔᏅᎩ; ᏉᎳ ᏚᏪᏟᏌᏅᎩ ᏄᏂᎬᏫᏳᏒ ᎠᏂᏧᏏ; ᎤᎾᏓᏟᏌᏅᏃ ᎯᎠ ᏂᏚᏪᏎᎸᎩ; ᎢᏥᏍᎦᏯ ᎢᏓᏓᏅᏟ, ᎠᏴ ᎥᏝ ᎪᎱᏍᏗ ᎦᏥᏍᎦᏅᏤᎸᎯ ᏱᎩ ᏗᎦᏤᎵ ᏴᏫ, ᎥᏝ ᎠᎴ ᎠᎩᏲᏍᏔᏅᎯ ᏱᎩ ᏗᎧᎿᏩᏛᏍᏗ ᏗᎩᎦᏴᎵᎨ ᎨᎩᏁᎸᎯ; ᎠᏎᏃ ᏥᎷᏏᎵᎻ ᏥᏴᎩ ᏗᎬᏆᏘᎾᏫᏛᎲᎩ ᏕᎬᎩᏲᏒᎩ ᎠᏂᎶᎻᏱ.","And it came to pass, that after three days he called together those that were the chief of the Jews: and when they were come together, he said unto them, I, brethren, though I had done nothing against the people, or the customs of our fathers, yet was delivered prisoner from Jerusalem into the hands of the Romans:"
4845,rejected,too_long,"ᎯᎠᏰᏃ ᏴᏫ ᎤᏂᎾᏫ ᎤᎵᏦᎲᏒ, ᎠᎴ ᏓᏂᎵᎷᎬ ᎦᏂᎵᏳ ᎠᎾᏛᎩᎠ, ᎠᎴ ᏗᏂᎦᏙᎵ ᏚᏂᏍᏚᎭ; ᎾᏍᎩ ᏗᏂᎦᏙᎵ ᏗᎬᏩᏂᎪᏩᏛᏙᏗ ᏂᎨᏒᎾ, ᎠᎴ ᏓᏂᎵᎷᎬ ᏗᎬᏩᎾᏛᎪᏙᏗ ᏂᎨᏒᎾ, ᎠᎴ ᎤᏂᎾᏫ ᎬᏩᏃᎵᏍᏙᏗ ᏂᎨᏒᎾ, ᎠᎴ ᏚᎾᏓᏅᏛ ᏧᏏᏁᏟᏴᏍᏗᏱ ᏂᎨᏒᎾ ᎠᎴ ᏗᎦᎦᏥᏅᏬᏗ ᏂᎨᏒᎾ."", For this people’s heart is waxed gross, And their ears are dull of hearing, And their eyes they have closed; Lest haply they should perceive with their eyes, And hear with their ears, And understand with their heart, And should turn again","And I should heal them."""
4889,rejected,source_tag,"Ꮎ-ᏍᎩᏂ [ᎤᏁᎳᏅᎯ] ᏗᏂᎦᏘᎴᎩ ᏥᎩ, ᎠᎴ ᎾᏃᎯᏳᎲᏍᎬᎾ ᏥᎩ ᏚᏳᎪᏛ ᎨᏒᎢ, ᏂᏚᏳᎪᏛᎾᏍᎩᏂ ᎨᏒ ᎠᏃᎯᏳᎲᏍᎩ ᏥᎩ; ᎤᏔᎳᏬᎯᏍᏗ ᎠᎴ ᎤᎿᎸᎯ ᎨᏒ ᎤᏂᎷᏤᏗ ᎨᏎᏍᏗ.","but unto them that are factious, and obey not the truth, but obey unrighteousness, shall be wrath and indignation,"
4935,rejected,source_tag,"ᎾᏍᎩ [ᏥᏌ ᎦᎶᏁᏛ] ᎤᏁᎳᏅᎯ ᎬᏂᎨᏒ ᏥᏄᏩᏁᎸ ᎠᎵᏍᎪᎸᏔᏅᎯ ᎪᎯᏍᏙᏗ ᎨᏒᎢ, ᎾᏍᎩ ᎪᎯᏳᏗᏱ ᎤᎩᎬ; ᏧᎾᏄᎪᏫᏎᏗᏱ ᎾᏍᎩ ᏚᏳᎪᏛ ᎢᏯᏛᏁᎯ ᎨᏒᎢ, ᎾᏍᎩ ᎦᏳᎳ ᎠᏍᎦᏅᏨᎯ ᎨᏒ ᎦᎬᏩᏓᏁᏗ ᎨᏒᎢ, ᎾᏍᎩ ᎤᏁᎳᏅᎯ ᎬᏂᏗᏳ ᎨᏒ ᎢᏳᏩᏂᏌᏅᎯ;","whom God set forth to be a propitiation, through faith, in his blood, to show his righteousness because of the passing over of the sins done aforetime, in the forbearance of God;"
4943,rejected,source_tag,"ᎢᏳᏰᏃ ᎡᏆᎭᎻ ᏚᎸᏫᏍᏓᏁᎲ ᎤᏚᏓᎴᏍᏔᏅᎯ ᏱᎩ, ᎤᎭ ᎤᏢᏈᏍᏙᏗ; ᎠᏎᏃ ᎥᏝ [ᏳᎭ,] ᎤᏁᎳᏅᎯ ᎠᎦᏔᎲᎢ.","For if Abraham was justified by works, he hath whereof to glory; but not toward God."
4948,rejected,source_tag,"[ᎯᎠ ᏥᏂᎦᏪᎭ,] ᎣᏏᏳ ᎢᏳᎾᎵᏍᏓᏁᏗ ᎤᏂᏍᎦᏅᏨ ᎦᎨᏥ-ᏁᎸᎯ, ᎠᎴ ᎤᏲ ᏄᎾᏛᏁᎸ ᎨᎫᏢᎾᏁᎸᎯ;","saying, Blessed are they whose iniquities are forgiven, And whose sins are covered."
4964,rejected,source_tag,"ᎥᏝ ᎠᎴ ᎤᏩᏒᏉ ᎨᏒ ᏱᏅᏗᎦᎵᏍᏙᏗᏍᎨ ᎪᏪᎳᏅᎯ ᏥᎩ, ᎾᏍᎩ [ᏚᏳᎪᏛ ᎢᏯᏛᏁᏗ ᎨᏒ] ᏣᏥᏰᎸᎾᏁᎴᎢ;","Now it was not written for his sake alone, that it was reckoned unto him;"
4965,rejected,source_tag,"ᎠᏴᏍᎩᏂ ᎨᏒ ᎾᏍᏉ ᏅᏗᎦᎵᏍᏙᏗᏍᎨᎢ, ᎾᏍᎩ [ᏚᏳᎪᏛ ᎢᏯᏛᏁᏗ ᎨᏒ] ᎡᎩᏰᎸᎾᏁᏗ ᏥᎩ, ᎡᏙᎯᏳᎲᏍᎩ ᎾᏍᎩ ᏧᎴᏔᏅᎯ ᎤᏲᎱᏒ ᏥᏌ ᎢᎦᏤᎵ ᎤᎬᏫᏳᎯ;","but for our sake also, unto whom it shall be reckoned, who believe on him that raised Jesus our Lord from the dead,"
4978,rejected,source_tag,"ᎾᏍᎩᏃ, ᏌᏉ ᎠᏍᎦᏯ ᎢᏳᏩᏂᏌᏛ ᎠᏍᎦᏂ ᎡᎶᎯ ᏧᎾᏄᎪᏨ, ᎠᎴ ᎠᏲᎱᎯᏍᏗ ᎨᏒ [ᏧᎾᏄᎪᏨ;] ᎠᏍᎦᏂ ᎢᏳᏩᏂᏌᏛ ᎠᎴ ᎾᏍᎩ ᏥᏂᎦᎵᏍᏙᏗᎭ ᎠᏲᎱᎯᏍᏗ ᎨᏒ ᏂᎦᏗᏳ ᏴᏫ ᏧᏂᎷᏤᎸ, ᏂᎦᏗᏳᏰᏃ ᎤᏂᏍᎦᏅᏨ","Therefore, as through one man sin entered into the world, and death through sin; and so death passed unto all men, for that all sinned:—"
4982,rejected,source_tag,ᎠᎴ ᎥᏝ ᎾᏍᎩᏯ ᎠᏏᏴᏫᏉ ᎤᏍᎦᏅᏨᎯ ᎢᏳᏩᏂᏌᏛ [ᏗᎨᎫᎪᏓᏁᏗ ᏥᏄᎵᏍᏔᏁ] ᎾᏍᎩᏯ ᏱᏄᏍᏗ ᎤᏓᏁᏗ ᎨᏒᎢ; ᎠᏍᎦᏅᏨᏰᏃ ᏗᎫᎪᏙᏗ ᎨᏒ ᏌᏉᏉ ᎢᏯᏍᎦᏅᏨᎯ ᏅᏓᏳᏓᎴᏅᎯ; ᎬᏩᎦᏘᏯᏍᎩᏂ ᎤᏓᏁᏗ ᎨᏒ ᎤᏣᏘ ᎢᏯᏍᎦᏅᏨᎯ ᎠᏚᏓᎴᏍᏙᏗ ᎤᎬᏩᎳ.,"And not as through one that sinned, so is the gift: for the judgment came of one unto condemnation, but the free gift came of many trespasses unto justification."
4993,rejected,source_tag,"ᎯᎠᏰᏃ ᎾᏍᎩ ᎢᏗᎦᏔᎭ, ᎾᏍᎩ ᎢᎦᏤᎵ ᎤᏪᏥ ᎠᏍᎦᏯ ᏓᏓᎿᏩᏍᏛ ᎠᎦᏛᏅ ᎢᏧᎳᎭ ᎾᏍᎩ [ᎦᎶᏁᏛ] ᎠᎦᏛᏅᎢ, ᎾᏍᎩ ᎠᏍᎦᏅᎢᏍᏗ ᎨᏒ ᎠᏰᎸ ᎡᎲ ᎤᏲᎱᎯᏍᏗᏱ, ᎪᎯ ᎢᏳᏓᎴᏅᏛ ᎠᏍᎦᏂ ᏗᎩᎾᏢᏗᏱ ᏂᎨᏒᎾ.","knowing this, that our old man was crucified with him, that the body of sin might be done away, that so we should no longer be in bondage to sin;"
4999,rejected,source_tag,"ᎾᏍᎩ ᎢᏳᏍᏗ ᏞᏍᏗ ᎠᏍᎦᏂ ᏳᎬᏫᏳᏌᏕᎨᏍᏗ ᏗᏲᎩ ᏗᏥᏰᎸᎢ, ᎾᏍᎩ [ᎠᏍᎦᏂ] ᎢᏦᎯᏳᏗᏱ ᎾᎿ [ᏗᏥᏰᎸ] ᎤᏚᎸᏅᎥᏍᎬᎢ.","Let not sin therefore reign in your mortal body, that ye should obey the lusts thereof:"
5044,rejected,source_tag,"ᏂᎯᏍᎩᏂ ᎥᏝ ᎤᏇᏓᎵ ᏗᏣᏘᏂᏙᎯ ᏱᎩ, ᎠᏓᏅᏙᏍᎩᏂ ᏗᏣᏘᏂᏙᎯ, ᎢᏳᏃ ᎰᏩ ᎤᏁᎳᏅᎯ ᎤᏓᏅᏙ ᏱᏥᏯᎠ. ᎠᎴ ᎢᏳ ᎩᎶ ᎦᎶᏁᏛ ᎤᏓᏅᏙ ᏄᏪᎲᎾ ᎢᎨᏎᏍᏗ, ᎾᏍᎩ ᎾᎥᏝ [ᎦᎶᏁᏛ] ᎤᏤᎵ ᏱᎦᎩ.","But ye are not in the flesh but in the Spirit, if so be that the Spirit of God dwelleth in you. But if any man hath not the Spirit of Christ, he is none of his."
5078,rejected,source_tag,"ᎾᏍᎩ ᎢᏏᎵ ᏧᏁᏢᏔᏅᏛ ᏥᎩ; ᎾᏍᎩ ᎤᎾᏤᎵᎦ ᏥᎩ [ᎤᏁᎳᏅᎯ] ᏧᏪᏥ ᎢᎨᎬᏁᏗ ᎨᏒᎢ, ᎠᎴ ᎦᎸᏉᏗᏳ ᎨᏒᎢ, ᎠᎴ ᎧᏃᎮᏛ ᏓᏠᎯᏍᏛᎢ, ᎠᎴ ᏗᎧᎿᏩᏛᏍᏗ ᎨᏥᏁᏗ ᎨᏒᎢ, ᎠᎴ ᎤᏁᎳᏅᎯ ᎤᏤᎵ ᏗᎦᎸᏫᏍᏓᏁᏗ ᎨᏒᎢ, ᎠᎴ ᎠᏚᎢᏍᏙᏗ ᎨᏒᎢ;","who are Israelites; whose is the adoption, and the glory, and the covenants, and the giving of the law, and the service of God, and the promises;"
5080,rejected,source_tag,"ᎥᏝ ᎠᏗᎾ ᎤᏁᎳᏅᎯ ᎤᏁᏨ ᎠᏎᏉᏉ ᏥᏄᎵᏍᏔᏃ ᎾᏍᎩᏯ [ᏱᏥᏁᎦ,] ᎥᏝᏰᏃ ᏂᎦᏛ ᎢᏏᎵ ᏱᎩ ᎾᏍᎩ ᎢᏏᎵ ᏧᏁᏢᏔᏅᏛ ᏥᎩ.","But it is not as though the word of God hath come to nought. For they are not all Israel, that are of Israel:"
5096,rejected,source_tag,"[ᎦᏙᏃ ᏳᏍᏗ,] ᎢᏳᏃ ᎤᏁᎳᏅᎯ ᎤᏚᎵᏍᎬ ᎬᏂᎨᏒ ᎢᏳᏩᏁᏗᏱ ᎤᏔᎳᏬᎯᏍᏗ ᎨᏒᎢ, ᎠᎴ ᎤᎵᏂᎬᎬ ᎤᎾᏄᎪᏫᏍᏗᏱ, ᎬᏂᏗᏳ ᎨᏒ ᎬᏗᏍᎬ ᎪᎯᏗᏳ ᎤᏁᎳᎩ ᏱᏚᏪᎵᏎᎸ ᏗᏖᎵᏙ ᎤᏔᎳᏬᎯᏍᏗ ᎨᏒ ᏗᏟᏍᏗ, ᏗᏛᏅᎢᏍᏔᏅᎯ ᏗᏛᏙᏗᏱ;","What if God, willing to show his wrath, and to make his power known, endured with much longsuffering vessels of wrath fitted unto destruction:"
5097,rejected,source_tag,"ᎠᎴ ᎾᏍᎩ [ᎤᏚᎵᏍᎬ] ᎬᏂᎨᏒ ᎢᏳᏩᏁᏗᏱ ᎤᏤᎵ ᎤᏣᏔᏅᎯ ᎦᎸᏉᏗᏳ ᎨᏒ ᏕᎬᏗᏍᎬ ᏗᏖᎵᏙ ᎤᏓᏙᎵᏍᏗ ᎨᏒ ᏗᏟᏍᏗ, ᎾᏍᎩ ᏧᏛᏅᎢᏍᏔᏅᎯ ᏥᏂᎨᏎ ᎦᎸᏉᏗᏳ ᏗᎨᏒ ᏭᎾᏕᏗᏱ,","and that he might make known the riches of his glory upon vessels of mercy, which he afore prepared unto glory,"
5135,rejected,source_tag,"ᎦᏙᏃ [ᏫᎬᏛᏗ ᏂᎦᎵᏍᏗᎭ?] ᎢᏏᎵ ᎥᏝ ᏳᏩᏛᎲ ᎾᏍᎩ ᏧᏲᎲᎩ; ᎨᎦᏑᏰᏛᏍᎩᏂ ᎨᏒ ᎤᏂᏩᏛᎲ, ᎠᏂᏐᎢᏃ ᏚᏂᎫᏏᏲᏨᎩ.","What then? That which Israel seeketh for, that he obtained not; but the election obtained it, and the rest were hardened:"
5144,rejected,source_tag,"ᎢᏳᏰᏃ ᎢᎬᏱᏱ ᎤᎬᏛᎾᏨᎯ ᎦᎸᏉᏗᏳ ᏱᎩ, ᏂᎦᏛ ᎾᏍᏉ [ᎦᎸᏉᏗᏳ;] ᎢᏳ ᎠᎴ ᏚᎿᏍᏕᏢ ᎦᎸᏉᏗᏳ ᏱᎩ, ᎾᏍᎩᏯ ᎾᏍᏉ ᏚᏩᏂᎦᎸᎢ.","And if the firstfruit is holy, so is the lump: and if the root is holy, so are the branches."
5164,rejected,source_tag,"ᎾᏍᎩᏰᏃ ᎨᏒ ᏅᏓᏳᏓᎴᏅᎯ ᏂᎦᏗᏳ ᏧᏓᎴᏅᏛ, ᎠᎴ ᎾᏍᎩ ᎢᏳᏩᏂᏌᏛ, ᎠᎴ ᎾᏍᎩ ᎤᎬᏩᎳ; [ᎠᎴ] ᎾᏍᎩ ᎦᎸᏉᏙᏗ ᎨᏎᏍᏗ ᏂᎪᎯᎸᎢ. ᎡᎺᏅ.","For of him, and through him, and unto him, are all things. To him be the glory for ever. Amen."
5170,rejected,source_tag,"ᎾᏍᎩᏃ ᏧᏓᎴᎿᎢ ᎡᎩᏁᎸᏅᎯ ᏥᎩ ᎾᏍᎩᏯ ᎬᏩᎦᏘᏯ ᎤᏓᏙᎵᏍᏗ ᎨᏒ ᎢᎩᏁᎸᎢ, ᎢᏳᏃ ᎠᏙᎴᎰᎯᏍᏗ ᏱᎩ, ᎾᏍᎩᏯ ᎪᎯᏳᏗ ᎨᏒ ᎡᎦᏟᎶᎡᎸ ᎢᏛᏗᏍᎨᏍᏗ [ᎢᏓᏙᎴᎰᏍᎨᏍᏗ;]","And having gifts differing according to the grace that was given to us, whether prophecy, let us prophesy according to the proportion of our faith;"
5189,rejected,source_tag,"ᎾᏍᎩᏰᏃ [ᏄᎬᏫᏳᏌᏕᎩ] ᎤᏁᎳᏅᎯ ᎤᏅᏏᏓᏍᏗ ᏂᎯ ᎣᏍᏛ ᎢᏣᎵᏍᏓᏁᏗ ᏧᎸᏫᏍᏓᏁᎯ. ᎢᏳᏍᎩᏂ ᎤᏲᏉ ᏙᏣᎸᏫᏍᏓᏁᎮᏍᏗ, ᎯᏍᎦᎢᎮᏍᏗ-ᎦᏅᎯᏛ; ᎤᏁᎳᏅᎯᏰᏃ ᎤᏅᏏᏓᏍᏗ ᎾᏍᎩ, ᎤᏞᎩ, ᎠᏍᏛᏗᏍᏗᏍᎩ ᎾᏍᎩ ᎾᎤᏲ ᏧᎸᏫᏍᏓᏁᎯ.","for he is a minister of God to thee for good. But if thou do that which is evil, be afraid; for he beareth not the sword in vain: for he is a minister of God, an avenger for wrath to him that doeth evil."
5194,rejected,source_tag,"ᎯᎠᏰᏃ ᎾᏍᎩ [ᏗᎧᎿᏩᏛᏍᏗ,] ᏞᏍᏗ ᏣᏓᏲᏁᎸᎩ, ᏞᏍᏗ ᏣᏓᎸᎩ, ᏞᏍᏗ ᏣᏃᏍᎩᏒᎩ, ᏞᏍᏗ ᎦᏰᎪᎩ ᏣᏃᎮᎸᎩ, ᏞᏍᏗ ᎪᎱᏍᏗ ᏱᏣᎬᎥᏍᎨᏍᏗ, ᎠᎴ ᏂᎦᎥ ᏅᏩᏓᎴ ᏗᎧᎿᏩᏛᏍᏗ, ᎯᎠᏉ ᎢᎦᏪᏛ ᏥᎩ ᎾᎿ ᎠᏙᏣᎸᏍᎦ ᎤᏍᏆᎳ ᎧᏁᎢᏍᏗ ᎨᏒᎢ, ᏨᏒ ᏂᏣᏓᎨᏳᏒ ᎾᏍᎩᏯ ᏂᎨᏳᏎᏍᏗ ᎾᎥ ᎢᏗᏍᏓᏓᎳ.","For this, Thou shalt not commit adultery, Thou shalt not kill, Thou shalt not steal, Thou shalt not covet, and if there be any other commandment, it is summed up in this word, namely, Thou shalt love thy neighbor as thyself."
5225,rejected,source_tag,"ᎦᎶᏁᏛᏰᏃ ᎾᏍᏉ ᎥᏝ ᎤᏩᏒᏉ ᎣᏍᏳ ᎤᏰᎸᏗ ᏱᎾᏛᏁᎮᎢ; ᎯᎠᏍᎩᏂ ᏥᏂᎬᏅ ᏥᎪᏪᎳ ᎾᏍᎩᏯ [ᏄᎵᏍᏓᏁᎴᎢ,] ᎦᎬᏩᎾᏓᏐᏢᏛ ᎾᏍᎩ Ꮎ ᎦᎨᏣᏐᏢᏔᏅᎢ ᎠᏴ ᎠᎩᎷᏤᎸᎩ.","For Christ also pleased not himself; but, as it is written, The reproaches of them that reproached thee fell upon me."
5241,rejected,source_tag,"[ᎠᎴ] ᎬᏗᏍᎬ ᎤᏰᎸᏛᎢ ᎠᎴ ᎤᏍᏆᏂᎪᏗ, ᎤᏁᎳᏅᎯ ᎤᏓᏅᏙ ᎤᎵᏂᎩᏗᏳ ᎨᏒ ᎬᏗᏍᎬᎢ; ᎾᏍᎩ ᏥᎷᏏᎵᎻ ᎤᏓᎴᏅᏛ, ᎠᎴ ᎤᏚᏫᏛ ᎢᎵᎵᎦᎻ ᏩᏍᏗ, ᎤᎧᎵᏨᎯ ᎠᏆᎵᏥᏙᏅ ᎣᏍᏛ ᎧᏃᎮᏛ ᎦᎶᏁᏛ ᎤᏤᎵᎦ;","in the power of signs and wonders, in the power of the Holy Spirit; so that from Jerusalem, and round about even unto Illyricum, I have fully preached the gospel of Christ;"
5383,rejected,source_tag,"ᎥᏝ ᎠᏗᎾ ᎿᏉ ᎠᏎ [ᎢᏤᏓᏍᏗᏱ ᏂᎨᏒᎾ] ᎾᏍᏉ ᎡᎶᎯ ᏗᏂᎧᏩᏕᎩ ᎤᏕᎵᏛ ᏗᎾᏂᏏᎲᏍᎩ ᎠᎴ ᎤᏂᎬᎥᏍᎩ ᎤᏕᎵᏛ ᏗᎾᏂᏏᎲᏍᎩ ᎠᎴ ᎤᏂᎬᎥᏍᎩ, ᎠᎴ ᎤᎶᏒᏍᏗ ᎠᎾᏓᎩᎡᎯ, ᎠᎴ ᎤᏁᎳᏅᎯ ᏗᏟᎶᏍᏔᏅᎯ ᏗᎾᏓᏙᎵᏍᏓᏁᎯ; ᎢᏳᏰᏃ ᎾᏍᎩ ᏱᏄᏍᏗ, ᎠᏎ ᎢᏥᏄᎪᎢᏍᏗ ᏱᎩ ᎡᎶᎯ.","not at all meaning with the fornicators of this world, or with the covetous and extortioners, or with idolaters; for then must ye needs go out of the world:"
5441,rejected,source_tag,"ᎠᎴ ᎯᎠ ᎾᏍᎩ ᏂᏥᏪᎭ ᎢᏨᏒ ᎣᏍᏛ ᎢᏣᎵᏍᏓᏁᏗ ᎠᏆᏑᎵᏍᎬᎢ; ᎥᏝ ᎢᏨᏌᏛᎥᏍᎬᏉ ᏱᎩ, ᎣᏏᏳᏍᎩᏂ ᎠᏰᎸᏗ ᎨᏒ [ᎢᏣᏛᏁᏗᏱ, ] ᎠᎴ ᎾᏍᎩ ᎤᎬᏫᏳᎯ ᏤᏥᎧᎿᏩᏗᏓᏍᏗᏱ ᎪᎱᏍᏗ ᏂᏥᏲᏍᏙᏓᏁᎲᎾ.","And this I say for your own profit; not that I may cast a snare upon you, but for that which is seemly, and that ye may attend upon the Lord without distraction."
5449,rejected,source_tag,"ᎢᏳᏍᎩᏂ ᎩᎶ ᎤᏁᎳᏅᎯ ᏳᎨᏳᎭ, [ᎤᏁᎳᏅᎯ] ᎾᏍᎩ ᎤᎦᏔᎰᎢ.","but if any man loveth God, the same is known by him."
5619,rejected,source_tag,"ᎾᏍᎩᏃ ᏧᏓᎴᏅᏛ ᏗᎦᏬᏂᎯᏍᏗ ᎨᏒ ᎪᎯᏳᏗᏍᎩ ᎠᏰᎸᎭ, ᎥᏝ ᎠᏃᎯᏳᎲᏍᎩ ᎤᏃᎯᏳᏓᏁᎯ ᏱᎩ, ᎠᏍᎩᏂ ᎠᏃᎯᏳᎲᏍᎩ ᏂᎨᏒᎾ; ᎠᏙᎴᎰᎯᏍᏗ [ᎤᏃᎯᏳᏓᏁᎯ] ᏱᎩ, ᎠᏃᎯᏳᎲᏍᎩᏍᎩᏂ.","Wherefore tongues are for a sign, not to them that believe, but to the unbelieving: but prophesying is for a sign, not to the unbelieving, but to them that believe."
5643,rejected,source_tag,"ᎣᏂᏃ ᎯᏍᎩᏧᏈ ᎤᎶᏒᏍᏗ ᎢᏯᏂᏛ ᎠᎾᎵᏅᏟ ᎢᏧᎳᎭ ᎬᏩᎪᎮᎢ; ᎾᏍᎩᏃ [ᎬᏩᎪᎲᎯ] ᎤᏟ ᎢᏯᏂᏛ ᎠᎾᎴᏂᏙ ᎠᏏ ᎪᎯ ᎨᏒᎢ, ᎢᎦᏛᏍᎩᏂᏃᏅ ᏚᏂᎵᏅᏨ.","then he appeared to above five hundred brethren at once, of whom the greater part remain until now, but some are fallen asleep;"
5644,rejected,source_tag,ᎣᏂᏃ ᏥᎻ ᎤᎪᎮᎢ; ᎿᏉᏃ ᏂᎦᏛ ᎨᏥᏅᏏᏛ [ᎢᎬᏩᎪᎮᎢ.],then he appeared to James; then to all the apostles;
5730,rejected,source_tag,"ᏂᎯ ᎾᏍᏉ ᏍᎩᏍᏕᎵᏍᎬ ᎢᏣᏓᏙᎵᏍᏗᏍᎬ ᎣᎩᏍᏕᎸᏗᏱ, ᎾᏍᎩ ᎣᎩᏙᎵᏨ ᎤᏂᏣᏘ ᎢᏳᏅᏂᏌᏛ ᏅᏓᏳᎵᏍᏙᏗᏱ ᎤᏂᏣᏘ ᎤᎾᎵᎮᎵᏤᏗᏱ [ᎤᏁᎳᏅᎯ] ᎠᏴ ᎨᏒ ᎢᏳᏍᏗ.","ye also helping together on our behalf by your supplication; that, for the gift bestowed upon us by means of many, thanks may be given by many persons on our behalf."
5737,rejected,source_tag,"ᎤᏁᎳᏅᎯᏍᎩᏂ ᏄᏓᎵᏓᏍᏛᎾ ᏥᎩ, ᎾᏍᎩ [ᏄᏙᎯᏳᎭ] ᎠᏴ ᎢᏨᏁᏤᎲ ᎥᎥ ᎠᎴ ᎥᏝ ᏂᎨᏒᎾ ᎨᏒᎢ.","But as God is faithful, our word toward you is not yea and nay."
5749,rejected,source_tag,ᎠᎵᏉ ᎾᏍᎩ ᎢᏳᏍᏗ [ᎠᏍᎦᏯ] ᏅᏍᏛᏛᎢ ᎾᏍᎩ ᎤᏂᏣᏘ ᏥᎬᏩᏍᏛᏗᏍᏔᏅ.,Sufficient to such a one is this punishment which was inflicted by the many;
5773,rejected,source_tag,ᎢᏝᏃ ᎼᏏ ᏥᏄᏛᏁᎴ [ᏱᏃᏣᏛᏁᎭ] ᏧᎵᎬᏚᎳᏁ ᎾᏍᎩ ᎢᏗᎵ ᏧᏪᏥ ᏫᏗᎬᏩᎾᎧᏃᏗ ᏂᎨᏒᎾ ᎢᏳᎵᏍᏙᏗᏱ ᏩᏍᏛ ᎾᏍᎩ Ꮎ ᎠᎲᏛ ᏥᎩ.,"and are not as Moses, who put a veil upon his face, that the children of Israel should not look stedfastly on the end of that which was passing away:"
5856,rejected,source_tag,"ᎠᎴ [ᎾᏍᎩ ᏄᎾᏛᏁᎸᎩ] ᎥᏝ ᎾᏍᎩᏯ ᏄᏍᏛ ᎤᏚᎩ ᎣᎬᏅᎢ, ᎢᎬᏱᏍᎩᏂ ᎤᏅᏒ ᎤᎬᏫᏳᎯ ᏚᎾᏓᏲᎯᏎᎸᎩ, ᎠᎴ ᎠᏴ ᏕᎪᎦᏓᏲᎯᏎᎸᎩ, ᎤᏁᎳᏅᎯ ᎣᏏᏳ ᎠᏰᎸᏍᎬ ᏅᏓᏳᎵᏍᏙᏔᏅᎩ.","and this, not as we had hoped, but first they gave their own selves to the Lord, and to us through the will of God."
5865,rejected,source_tag,"ᎢᎬᏩᏍᏗᎭᏍᎩᏂ [ᎢᏥᏗᏱ;] ᎾᏍᎩ ᎪᎯ ᎨᏒ ᎤᏣᏘ ᎢᏥᎲ ᏱᏗᏥᏍᏕᎸᏗᎭ ᎤᏂᏂᎬᏎᎲᎢ, ᎾᏍᎩᏃ ᎾᏍᏉ ᎤᏣᏘ ᎤᏂᎲ ᎨᏥᏍᏕᎸᏗᏱ ᎢᏥᏂᎬᏎᎲᎢ, ᎾᏍᎩ ᎢᎬᏩᏍᏗᎭ ᎢᏥᏗᏱ.","but by equality: your abundance being a supply at this present time for their want, that their abundance also may become a supply for your want; that there may be equality:"
5870,rejected,source_tag,"ᎠᎴ ᎥᏝ ᎾᏍᎩᏉ ᏱᏂᎦᎥ, ᎾᏍᏉᏍᎩᏂ ᏚᎾᏓᏡᏩᏗᏒ ᏧᎾᏁᎶᏗ ᎬᏩᏑᏰᏒᎩ ᎠᏴ ᎢᏧᎳᎭ ᎣᎨᏅᏍᏗᏱ ᎣᎩᏴᏍᏗᏱ ᎯᎠ ᎾᏍᎩ ᎠᏓᏁᏗ, ᎾᏍᎩ ᏥᏙᎩᎸᏫᏍᏓᏁᎭ, ᎦᎸᏉᏗᏳ ᎢᏳᎵᏍᏙᏗᏱ ᎤᎬᏫᏳᎯ ᎤᏩᏒ, ᎠᎴ [ᎬᏂᎨᏒ ᎢᎬᏩᏁᏗᏱ] ᎢᏣᎵᎦᎵᏴᏒ ᏙᏗᏣᏓᏅᏛᎢ;","and not only so, but who was also appointed by the churches to travel with us in the matter of this grace, which is ministered by us to the glory of the Lord, and to show our readiness:"
5877,rejected,source_tag,"ᎦᏔᏎᏰᏃ ᏗᎦᎵᏱᏳ ᎨᏒ ᏕᏣᏓᏅᏛᎢ, ᎾᏍᎩ ᎢᏨᏁᎢᏍᏗᏍᎬ ᎹᏏᏙᏂ ᎠᏁᎯ ᎦᏥᏯᏢᏈᏌᎭ, [ᎦᏥᏃᏁᎭ] ᎾᏍᎩ ᎡᎧᏯ ᎿᏉ ᏑᏕᏘᏴᏛ ᎬᏩᏛᏅᎢᏍᏔᏅᎯ ᎨᏒᎢ; ᎠᎴ ᏂᎯ ᎤᎵᏂᎩᏛ ᎢᏣᏓᏅᏛ ᎤᏂᏣᏔ ᎤᏂᏖᎸᏅ.","for I know your readiness, of which I glory on your behalf to them of Macedonia, that Achaia hath been prepared for a year past; and your zeal hath stirred up very many of them."
5881,rejected,source_tag,"ᎯᎠᏍᎩᏂ [ᏄᏍᏗ;] ᎩᎶ ᎦᏲᎵ ᎠᏫᏍᎩ, ᎾᏍᎩ Ꮎ ᎾᏍᏉ ᎦᏲᎵ ᎤᏍᏚᏕᏍᏗ ᎨᏎᏍᏗ; ᎠᎴ ᎩᎶ ᎤᎪᏗ ᎠᏫᏍᎩ ᎾᏍᎩ Ꮎ ᎾᏍᏉ ᎤᏍᎫᏕᏍᏗ ᎨᏎᏍᏗ.","But this I say, He that soweth sparingly shall reap also sparingly; and he that soweth bountifully shall reap also bountifully."
5882,rejected,source_tag,"ᎾᏂᎥ ᎩᎶ ᎾᏍᎩᏯ ᏄᏍᏛ ᎠᎾᏓᏅᏖᏍᎬ ᏧᏂᎾᏫᏱ [ᎠᏂᎲᏍᎨᏍᏗ;] ᎥᏝᏍᏗ ᏝᏉ ᎤᏂᏰᎸᎯ, ᎥᏝ ᎠᎴ ᎠᏎ ᎤᏂᏗᏱ ᏥᏂᎨᎬᏁᎰ ᎢᏳᏍᏗ; ᎤᏁᎳᏅᎯᏰᏃ ᎤᎨᏳᎭ ᎤᎦᎵᏍᏗ ᎤᏓᏁᏘ ᎠᎲᏍᎩ.","Let each man do according as he hath purposed in his heart: not grudgingly, or of necessity: for God loveth a cheerful giver."
5928,rejected,source_tag,"ᎤᏁᎳᎩᏰᏃ ᎢᏤᎵᏍᎪ ᎢᏳᏃ ᎩᎶ ᏱᏗᏥᎾᏢᏅ, ᎢᏳᏃ ᎩᎶ ᎠᏒᎭ ᏱᏂᏨᏁᎸ, ᎢᏳᏃ ᎩᎶ [ᎪᎱᏍᏗ ᎢᏥᎲ] ᏱᏥᎩᎡᎸ, ᎢᏳᏃ ᎩᎶ ᎤᏩᏒ ᏳᏓᎵᏌᎳᏓᏅ, ᎢᏳᏃ ᎩᎶ ᏕᏣᎧᏛ ᏱᏨᏂᎸ.","For ye bear with a man, if he bringeth you into bondage, if he devoureth you, if he taketh you captive, if he exalteth himself, if he smiteth you on the face."
5942,rejected,source_tag,ᎥᏝ ᎬᏩᏓᏍᏕᎸᏗ ᏱᎩ ᎤᏙᎯᏳᎯ ᎠᏆᏢᏈᏍᏗᏱ; ᎾᏍᎩ ᎢᏳᏍᏗ ᏓᏥᏁᎢᏍᏔᏂ [ᎩᎶ] ᎤᏁᎳᏫᏎᎸ ᎠᎴ ᎤᎬᏫᏳᎯ ᎬᏂᎨᏒ ᏄᏩᏁᎸᎢ.,"I must needs glory, though it is not expedient; but I will come to visions and revelations of the Lord."
5960,rejected,source_tag,"ᎠᎴᏬ, ᏥᎪ ᎣᏣᎵᏍᏕᎵ ᎢᏤᎵᎭ ᎢᏥᎦᏔᎲᎢ? ᎤᏁᎳᏅᎯ ᎠᎦᏔᎲ ᎣᏥᏁᎦ ᎦᎶᏁᏛ ᏧᏪᏲᏅᎯ ᎾᏍᎩᏯᎢ; ᎠᏎᏃ ᎢᏨᎨᏳᎢ, ᏂᎦᎥ ᏂᎯ ᎢᏣᎵᏂᎯᏍᏙᏗ ᎤᎬᏩᎵ [ᎣᏥᏁᎦ.]","Ye think all this time that we are excusing ourselves unto you. In the sight of God speak we in Christ. But all things, beloved, are for your edifying."
5962,rejected,source_tag,"ᎠᎴ [ᏥᎾᏰᏍᎦ.] ᏔᎵᏁ ᏫᏥᎷᏨᎭ, ᎠᏆᏁᎳᏅᎯ ᎠᏆᏕᎰᎯᏍᏙᏗᏱ ᎢᏥᎦᏔᎲᎢ, ᎠᎴ ᎦᏥᏍᎪᏂᏍᏗᏱ ᎤᏂᏣᏘ ᎦᏳᎳ ᎤᏂᏍᎦᏅᏨᎯ ᏥᎩ, ᎠᎴ ᎤᏲ ᏄᏂᏰᎸᏅᎾ ᏥᎩ ᎦᏓᎭ ᏄᎾᏛᏁᎸᎢ, ᎠᎴ ᎤᏕᎵᏛ ᏚᎾᏂᏏᏅᎢ, ᎠᎴ ᎤᎾᎵᏐᏢᎢᏍᏔᏅᎢ.","lest again when I come my God should humble me before you, and I should mourn for many of them that have sinned heretofore, and repented not of the uncleanness and fornication and lasciviousness which they committed."
6007,rejected,source_tag,"Ꭰ-ᏍᎩᏂ ᎢᏗᏢ, ᎤᏂᎪᎲ ᎾᏍᎩ ᎣᏍᏛ ᎧᏃᎮᏛ ᏂᏗᎨᏥᎤᏍᏕᏎᎸᎾ [ᎤᎾᏛᎪᏗᏱ] ᎠᏴ ᎥᏆᎨᏅᏛᎢ, ᎾᏍᎩᏯ ᏗᎨᏥᏅᏍᏕᏎᎸᎯ [ᎤᎾᏛᎪᏗᏱ] ᎣᏍᏛ ᎧᏃᎮᏛ ᏈᏓ ᏣᎦᎨᏅᏕᎢ;","but contrariwise, when they saw that I had been intrusted with the gospel of the uncircumcision, even as Peter with the gospel of the circumcision"
6010,rejected,source_tag,"ᏑᏓᎴᎩᏍᎩᏂᏃᏅ [ᎤᎾᏚᎵᏍᎬᎩ,] ᎾᏍᎩ ᏦᏍᏓᏅᏓᏗᏍᏗᏱ ᎤᏲ ᎢᏳᎾᏛᎿᏕᎩ; ᎾᏍᎩᏯ ᎾᏍᏉ ᎠᏆᎵᎦᎵᏴᏒᎩ ᎾᏍᎩ ᎢᏯᏆᏛᏁᏗᏱ.",only they would that we should remember the poor; which very thing I was also zealous to do.
6040,rejected,source_tag,"ᎪᏙᏃ ᎬᏙᏗ ᏗᎧᎿᏩᏛᏍᏗ? ᎠᏍᎦᏅᎢᏍᏗ ᎨᏒ ᏅᏗᎦᎵᏍᏙᏗᏍᎨ ᏫᎫᏓᏔᏅᎯ ᎨᏎᎢ, ᎾᏍᎩ ᎤᏁᏢᏔᏅᎯ ᎠᏥᏚᎢᏍᏓᏁᎸᎯ ᎨᏒ ᎤᎾᏄᎪᎢᏍᏗ ᎨᏒ ᎬᏗᏍᎩ; [ᎠᎴ ᎾᏍᎩ ᏗᎧᎿᏩᏛᏍᏗ] ᏗᏂᎧᎿᏩᏗᏙᎯ ᎣᏍᏛ ᏄᏅᎿᏕᎨ ᎾᏍᎩ ᏧᏒᎦᎴ ᎠᏰᎵ ᏁᎴᏁᎯ.","What then is the law? It was added because of transgressions, till the seed should come to whom the promise hath been made; and it was ordained through angels by the hand of a mediator."
6069,rejected,source_tag,"ᏗᏇᏥ ᏗᏣᏍᏗᎢ, ᎾᏍᎩ ᏔᎵᏁ ᎢᏨᏁᎵᏨᎯ ᏥᎩ [ᎢᏗᎬᏤᎵᏛ] ᎢᏣᏕᏗᏱ, ᎬᏂ ᎦᎶᏁᏛ ᎠᏙᏢᏅᎭ ᏕᏣᏓᏅᏛᎢ,","My little children, of whom I am again in travail until Christ be formed in you—"
6107,rejected,source_tag,"ᏞᏍᏗ ᏱᎾᏚᎵᏍᎨᏍᏗ Ꮎ ᎦᎸᏉᏗᏳ ᎨᏒ ᎪᎱᏍᏗ ᎬᏙᏗ ᏂᎨᏒᎾ ᏥᎩ; [ᏞᏍᏗ] ᏱᏗᏓᏓᎿᎸᏍᏗᏍᎨᏍᏗ, ᎠᎴ ᏱᏗᏓᏓᏛᏳᏤᎮᏍᏗ.","Let us not become vainglorious, provoking one another, envying one another."
6138,rejected,source_tag,"ᎾᏍᎩ ᏂᎯ ᎾᏍᏉ [ᏤᏣᎵᏍᎦᏍᏙᏔᏅᎩ] ᎿᏉ ᎢᏣᏛᎦᏅ ᎦᏰᎪᎩ ᏂᎨᏒᎾ ᎧᏃᎮᏛ, ᎾᏍᎩ ᎣᏍᏛ ᎧᏃᎮᏛ ᎢᏣᎵᏍᏕᎸᏙᏗ ᏥᎩ; ᎾᏍᎩ ᎾᏍᏉ ᎡᏦᎢᏳᏅ, ᎿᏉ ᎢᏥᏰᎸᏔᏅᎩ ᎦᎸᏉᏗᏳ ᎠᏓᏅᏙ ᎾᏍᎩ ᎠᏚᎢᏍᏔᏅᎯ ᎨᏒᎢ,","in whom ye also, having heard the word of the truth, the gospel of your salvation,—in whom, having also believed, ye were sealed with the Holy Spirit of promise,"
6141,rejected,source_tag,"ᎥᏝ ᏱᏥᏑᎵᎪᎪ [ᎤᏁᎳᏅᎯ] ᏥᏯᎵᎡᎵᏤᎲ ᏂᎯ ᏅᏗᎦᎵᏍᏙᏗᏍᎬᎢ, ᏂᎯ ᎢᏨᏁᎢᏍᏗᏍᎬ ᎦᏓᏙᎵᏍᏗᏍᎬᎢ;","cease not to give thanks for you, making mention of you in my prayers;"
6150,rejected,source_tag,"ᎾᎿᏂ ᏧᏩᎫᏔᏅᏒ ᎢᏤᏙᎸᎢ ᎾᏍᎩᏯ ᎢᏳᎾᏛᏁᏗ ᎨᏒ ᎡᎶᎲ ᎠᏁᎯ, ᎾᏍᎩᏯ [ᎤᏚᎵᏍᎬ] ᎦᏃᎴᏍᎬ ᎡᎯ ᎡᎬᏫᏳᏌᏕᎩ, ᎾᏍᎩ ᎠᏓᏅᏙ ᎪᎯ ᎨᏒ ᏥᏚᎸᏫᏍᏓᏁ ᏚᎾᏓᏅᏛ ᎪᎯᏳᏗ ᏂᎨᏒᎾ ᎨᏒ ᏧᏪᏥ;","wherein ye once walked according to the course of this world, according to the prince of the powers of the air, of the spirit that now worketh in the sons of disobedience;"
6195,rejected,source_tag,"ᏌᏉ [ᎡᎭ] ᎠᏰᎸᎢ, ᎠᎴ ᏌᏉ ᎠᏓᏅᏙ, ᎾᏍᎩᏯ ᏌᏉ ᎤᏚᎩ ᎢᏨᏗᏱ ᎡᏥᏯᏅᏛ ᏥᎩ, ᎾᏍᎩ ᎡᏥᏯᏅᎲ ᏨᏗᏓᎴᎲᏍᎦ;","There is one body, and one Spirit, even as also ye were called in one hope of your calling;"
6227,rejected,source_tag,"ᏞᏍᏗ ᎠᎴ ᎪᎱᏍᏗ ᎤᏁᎢᎸᏗ ᎨᏒᎢ, ᎠᎴ ᎠᎵᏍᎦᏁᏛ ᎦᏬᏂᎯᏍᏗ ᎨᏒᎢ, ᎠᎴ ᎦᏪᏢᏗ ᎨᏒᎢ, ᎾᏍᎩ ᏃᏒᎾ ᏥᎩ; ᎠᎵᎮᎵᏤᏗᏱᏉᏍᎩᏂ [ᎤᏁᎳᏅᎯ] ᎤᎬᏫᏳᏎᏍᏗ.","nor filthiness, nor foolish talking, or jesting, which are not befitting: but rather giving of thanks."
6247,rejected,source_tag,"ᎾᏍᎩ ᎢᏳᏍᏗ ᏧᎾᏁᎶᏗ ᎤᎾᏓᏡᎬ ᎦᎶᏁᏛ ᎬᏬᎯᏳᏗ ᏥᎩ, ᎾᏍᎩᏯ ᎠᏂᎨᏴ ᏗᎬᏩᏂᏰᎯ ᏧᏃᎯᏳᏗ ᏂᎦᎥ [ᏂᎬᏩᏂᏪᏎᎲᎢ.]","But as the church is subject to Christ, so let the wives also be to their husbands in everything."
6276,rejected,source_tag,"ᎾᏍᎩ [ᎣᏍᏛ ᎧᏃᎮᏛ] ᏥᏅᏗᎦᎵᏍᏙᏗᎭ ᎠᏴ ᎥᎩᏅᏏᏛ ᏥᎩ; ᎾᏍᎩ ᎢᏳᏩᏂᏐᏗᏱ ᎾᎿᏂ ᏂᏥᏍᎦᎢᎲᎾ ᎠᎩᏁᎢᏍᏗᏱ, ᎾᏍᎩᏯ ᎢᏯᎩᏪᏍᏗᏱ ᏥᏚᏳᎪᏗ.","for which I am an ambassador in chains; that in it I may speak boldly, as I ought to speak."
6344,rejected,source_tag,"ᎾᏍᏉᏍᎩᏂᏃᏅ ᎠᏴ ᎠᎩᎭ ᎤᏇᏓᎵ ᎨᏒ ᎬᏆᎵᏍᎦᏍᏙᏙᏗ ᎨᏒᎢ. ᎢᏳᏃ ᎩᎶ ᏰᎵ ᏳᎭ ᏳᏰᎸ ᎤᏇᏓᎵ ᎨᏒ ᎬᏩᎵᏍᎦᏍᏙᏙᏗ ᎨᏒᎢ, ᎠᏴ ᎤᏟ ᎢᎦᎢ [ᎠᎩᎭ;]","though I myself might have confidence even in the flesh: if any other man thinketh to have confidence in the flesh, I yet more:"
6353,rejected,source_tag,"ᎢᏓᎵᏅᏟ, ᎥᏝ ᎦᏳᎳ ᎠᎩᏂᏴᏛ ᏍᎩᏰᎸᎭ; ᏑᏓᎴᎩᏍᎩᏂ [ᏂᎦᏛᏁᎰᎢ;] ᎠᏋᎨᏫᏍᎪᎢ ᏧᏓᎴᏅᏛ ᎣᏂᏗᏢ ᏄᏍᏗᏕᎬᎢ, ᎢᎬᏱᏗᏢᏃ ᏧᏓᎴᏅᏛ ᏄᏍᏗᏕᎬ ᏫᏗᏥᏂᏱᏍᎪᎢ,","Brethren, I count not myself yet to have laid hold: but one thing I do, forgetting the things which are behind, and stretching forward to the things which are before,"
6411,rejected,source_tag,"ᎾᏍᎩ [ᎤᏓᏅᏘ] ᎤᏁᎳᏅᎯ ᎤᏚᎵᏍᎨ ᎬᏂᎨᏒ ᎢᏧᏩᏁᏗᏱ ᏂᎦᎥ ᎦᎸᏉᏗᏳ ᎨᏒ ᎯᎠ ᎾᏍᎩ ᎤᏕᎵᏛ ᎨᏒ ᏧᎾᏓᎴᏅᏛ ᎠᏴ ᎠᏁᎲ [ᎬᏂᎨᏒ ᏥᏄᏩᏁᎸ;] ᎾᏍᎩ ᎦᎶᏁᏛ ᏥᎩ ᏂᎯ ᎢᏥᏯᎢ, ᎾᏍᎩ ᎤᏚᎩ ᎨᏨᏗ ᏥᏂᎬᏁ ᎦᎸᏉᏗᏳ ᏗᎨᏒ ᏫᏥᎾᏄᎪᎢᏍᏗᏱ.","to whom God was pleased to make known what is the riches of the glory of this mystery among the Gentiles, which is Christ in you, the hope of glory:"
6420,rejected,source_tag,"ᎾᎿ ᏗᏥᎿᏍᏕᏜᏛᎯ ᎠᎴ ᎾᎿ ᎡᏣᏁᏍᎨᎲᎯ, ᎠᎴ ᎤᎵᏂᎩᏛ ᎢᏰᏨᏁᎸᎯ ᎢᏦᎯᏳᏒᎢ, ᎾᏍᎩᏯ ᎡᏤᏲᏅᎢ, ᎾᏍᎩ ᎤᏣᏘ ᎨᏎᏍᏗ [ᎢᏦᎯᏳᏒᎢ] ᎤᎵᏠᏯᏍᏕᏍᏗ ᎠᎵᎮᎵᏤᏗ ᎨᏒ ᎤᏁᎳᏅᎯ.","rooted and builded up in him, and established in your faith, even as ye were taught, abounding in thanksgiving."
6422,rejected,source_tag,ᎾᏍᎩᏰᏃ [ᎦᎶᏁᏛ] ᎠᏰᎸᎢ ᎠᏯᎠ ᏂᎦᏛ ᎠᎧᎵᎢ ᎤᏁᎳᏅᎯ.,"for in him dwelleth all the fulness of the Godhead bodily,"
6428,rejected,source_tag,"ᏚᎾᏌᏅᏃ ᏄᏂᎬᏫᏳᏌᏕᎩ ᎠᎴ ᏗᎨᎦᏁᎶᏗ ᎨᏒᎢ, ᎬᏂᎨᏒ ᏚᎾᏄᎪᏫᏎᎢ, ᏓᏓᎵᏁᎯᏕᎨᎢ ᎾᏍᎩ [ᏓᏓᎿᏩᏍᏛ] ᎬᏗᏍᎬᎢ.","having despoiled the principalities and the powers, he made a show of them openly, triumphing over them in it."
6485,rejected,source_tag,"ᎠᎴ ᎠᏴ ᏍᎩᏍᏓᏩᏕᎩ ᏂᏣᎵᏍᏔᏅᎩ, ᎠᎴ ᎤᎬᏫᏳᎯ [ᎡᏥᏍᏓᏩᏕᎩ,] ᏕᏣᏓᏂᎸᏨ ᎧᏃᎮᏛ ᎤᏣᏘ ᎢᏥᎩᎵᏲᎬᎢ, ᎤᎵᏠᏯᏍᏛ ᎤᎵᎮᎵᏍᏗ ᎨᏒ ᎦᎸᏉᏗᏳ ᎠᏓᏅᏙ ᏅᏓᏩᏓᎴᏅᎯ;","And ye became imitators of us, and of the Lord, having received the word in much affliction, with joy of the Holy Spirit;"
6554,rejected,source_tag,"ᎠᎴ ᎢᏨᏔᏲᏎᎭ, ᎢᏓᎵᏅᏟ, ᏕᏤᏯᏔᎲᏍᎨᏍᏗ ᎾᏍᎩ Ꮎ ᏄᎾᏁᎸᎾ, ᏕᏥᎦᎵᏍᏓᏗᏍᎨᏍᏗ ᏗᏩᎾᎦᎳ ᏧᎾᏓᏅᏘ, ᏕᏥᏂᏴᏎᏍᏗ ᏗᏂᏩᎾᎦᎳᎢ, ᏗᏨᏂᏗᏳ ᎨᏎᏍᏗ ᎾᏂᎥ [ᎤᏣᏘᏂ ᏂᎨᏣᏛᏁᎲᎢ.]","And we exhort you, brethren, admonish the disorderly, encourage the fainthearted, support the weak, be longsuffering toward all."
6558,rejected,source_tag,ᏂᎦᎥᏉ ᏂᏣᎵᏍᏓᏁᎵᏕᎬ ᎡᏣᎵᎡᎵᏤᎮᏍᏗ [ᎤᏁᎳᏅᎯ;] ᎯᎠᏰᏃ ᎾᏍᎩ ᎤᏁᎳᏅᎯ ᎢᏣᏓᏅᏖᎮᎲ ᏥᏌ ᎦᎶᏁᏛ ᏕᏣᏁᎶᏛ ᎢᏳᏍᏗ.,in everything give thanks: for this is the will of God in Christ Jesus to you-ward.
6583,rejected,source_tag,"ᎠᏎ ᏞᏍᏗ ᎩᎶ ᏱᏥᎵᏓᏍᏔᏁᏍᏗ; ᎥᏝᏰᏃ [ᎾᎯᏳ ᎢᎦ ᎤᎵᏰᎢᎶᎯᏍᏗ ᏱᎩ] ᎬᏂ ᎢᎬᏱ ᎠᏂᏑᎵᎪᎨᏍᏗ, ᎠᎴ ᎾᏍᎩ Ꮎ ᎠᏍᎦᏯ ᎠᏍᎦᎾ ᏧᎸᏫᏍᏓᏁᎯ ᎬᏂᎨᏒ ᎾᎬᏁᎸᎭ, ᎾᏍᎩ ᎠᏛᏗᏍᎩ ᎤᏪᏥ;","let no man beguile you in any wise: for it will not be, except the falling away come first, and the man of sin be revealed, the son of perdition,"
6606,rejected,source_tag,"ᎥᏝ ᏃᎩᎲᎾ ᎨᏒ [ᏅᏩᏓᎴ ᎢᏲᎦᏛᏁᏗᏱ] ᏱᏅᏗᎦᎵᏍᏙᏗᏍᎨᎢ, ᏗᏣᏟᎶᏍᏙᏗᏍᎩᏂ ᏃᏣᏓᏛᏁᎲ ᎠᏴ ᏍᎩᏍᏓᏩᏛᏍᏗᏱ ᏅᏓᎦᎵᏍᏙᏗᏍᎬᎩ.","not because we have not the right, but to make ourselves an ensample unto you, that ye should imitate us."
6619,rejected,source_tag,"ᎠᎴ ᎤᎾᏛᏓᏍᏙᏗᏱ ᏂᎨᏒᎾ ᎠᏎᏉ ᎦᏬᏂᎯᏍᏗ ᎨᏒ ᎠᎴ ᏫᎾᏍᏛᎾ ᎧᏃᎮᏗ ᎨᏒ ᎤᎾᏓᏁᏟᏴᏒᏒᎢ, ᎾᏍᎩ ᎦᏬᏂᎯᏍᏗᏉ ᏥᏩᎵᏱᎶᎯᎭ ᎥᏲᏃ ᎤᏁᎳᏅᎯ ᏗᏁᎳᏙᏗ ᎨᏒ ᎤᏛᎯᏍᏗᏱ, ᎾᏍᎩ ᎪᎯᏳᏗ ᎨᏒ ᏨᏗᏓᎴᎲᏍᎦ, [ᎾᏍᎩ ᎿᏛᏁᎸᎭ.]","neither to give heed to fables and endless genealogies, which minister questionings, rather than a dispensation of God which is in faith; so do I now."
6728,rejected,source_tag,ᎾᏍᎩ ᎩᎶ ᎠᏂᏍᏓᏩᏗᏒ ᎤᎾᏞᏒ ᎪᎯᏳᏗ ᎨᏒᎢ. [ᎤᏁᎳᏅᎯ] ᎤᏓᏙᎵᏍᏗ ᎨᏒ ᏕᏣᎧᏩᏗᏙᎮᏍᏗ. ᎡᎺᏅ.,which some professing have erred concerning the faith. Grace be with you.
6812,rejected,source_tag,"ᎠᏴ, ᏉᎳ, ᎤᏁᎳᏅᎯ ᎠᎩᏅᏏᏙᎯ, ᎠᎴ ᏥᏌ ᎦᎶᏁᏛ ᎠᎩᏅᏏᏛ, ᎾᏍᎩᏯ ᎤᏃᎯᏳᏒ ᎤᏁᎳᏅᎯ ᏧᏑᏰᏛ, ᎠᎴ [ᎾᏍᎩᏯ] ᏗᏓᏂᎸᎢᏍᏗ ᎨᏒ ᏚᏳᎪᏛ ᎨᏒᎢ, ᎾᏍᎩ ᎤᏁᎳᏅᎯ ᎦᎾᏰᎯᏍᏗ ᎨᏒ ᎾᏍᎩᏯ ᏥᎩ,","Paul, a servant of God, and an apostle of Jesus Christ, according to the faith of God’s elect, and the knowledge of the truth which is according to godliness,"
6892,rejected,source_tag,"ᎠᎴ, ᎾᏍᏉ [ᎯᎠ ᏂᎦᏪᎭ] ᏂᎯ, ᏣᎬᏫᏳᎯ, ᏗᏓᎴᏂᏍᎬ ᎡᎶᎯ ᎦᎫᏍᏓᎥ ᏣᏁᎢ; ᎠᎴ ᎦᎸᎶᎢ ᏗᏦᏰᏂ ᏦᏢᏔᏁᎢ;","And, Thou, Lord, in the beginning didst lay the foundation of the earth, And the heavens are the works of thy hands:"
6941,rejected,source_tag,"ᎢᏳᏰᏃ ᏦᏑᏩ ᏱᏚᏁᎴ ᎤᎾᏣᏪᏐᎸᏍᏙᏗᏱ, ᎥᏝ [ᎤᏁᎳᏅᎯ] ᎣᏂ ᏱᎬᏩᏁᎢᏍᏔᏁ ᏅᏩᏓᎴ ᎢᎦ.","For if Joshua had given them rest, he would not have spoken afterward of another day."
6950,rejected,source_tag,"ᎾᏂᎥᏰᏃ ᏄᎬᏫᏳᏒ ᎠᏥᎸ-ᎠᏁᎶᎯ ᎨᏒ ᏴᏫ ᎠᏁᎲ ᎨᎪᏣᎴᏛ, ᏴᏫ ᎣᏍᏛ ᎢᏳᎾᎵᏍᏓᏁᏗ ᎨᏥᏁᏤᎰᎢ, ᎾᏍᎩ [ᏧᏂᎸᏫᏍᏓᏁᏗᏱ] ᎤᏁᎳᏅᎯ ᎤᏤᎵᎪᎯ ᎤᎬᏩᎵ, ᎾᏍᎩ ᏗᎬᏩᎾᎵᏍᎪᎸᏙᏗ ᎢᏳᎵᏍᏙᏗᏱ ᎠᏓᏁᏗ ᎨᏒ ᎠᎴ ᎠᏥᎸᎨᎳᏍᏙᏗ ᎾᏍᎩ ᎠᏍᎦᏂ ᎤᎬᏩᎵ;","For every high priest, being taken from among men, is appointed for men in things pertaining to God, that he may offer both gifts and sacrifices for sins:"
6953,rejected,source_tag,"ᎥᏝ ᎠᎴ ᎩᎶ ᎯᎠ ᎾᏍᎩ ᎦᎸᏉᏗ [ᏗᎦᎸᏫᏍᏓᏁᏗ] ᎤᏩᏒᏉ ᎤᏓᏅᏖᏛ ᏯᎩᏍᎪᎢ, ᎬᏂ ᎤᏁᎳᏅᎯ ᎤᏯᏅᏛ ᏱᎩ ᎾᏍᎩᏯ ᎡᎵᏂ ᎠᏥᏯᏅᎲᎢ.","And no man taketh the honor unto himself, but when he is called of God, even as was Aaron."
6954,rejected,source_tag,"ᎾᏍᎩᏯ ᎾᏍᏉ ᎦᎶᏁᏛ ᎥᏝ ᎤᏩᏒ ᎯᎠ ᎦᎸᏉᏗ ᏗᎦᎸᏫᏍᏓᏁᏗ ᏳᎩᏎ ᏄᎬᏫᏳᏒ ᎠᏥᎸᎨᎶᎯ ᎾᎬᏁᎸᎢ; ᎯᎠᏍᎩᏂ ᎢᏳᏪᏎᎸᎯ, ᎠᏇᏥ ᏂᎯ, ᎪᎯ ᎢᎦ ᏍᏆᏕᎲᏏ, [ᎾᏍᎩ ᎤᏯᏅᎮᎢ.]","So Christ also glorified not himself to be made a high priest, but he that spake unto him, Thou art my Son, This day have I begotten thee:"
6985,rejected,source_tag,"ᎠᎴ ᎾᏍᎩ ᎾᏍᏉ ᎡᏆᎭᎻ ᏂᎦᏛ ᏧᎬᏩᎶᏗ ᎠᏰᎲ ᎠᏍᎪᎯᏁ ᎪᏣᎴᏛ ᏧᏁᎸᏁᎢ; ᎢᎬᏱᏱ ᎨᏒ [ᏚᏙᎥ] ᎠᏁᏢᏔᏅᎯ ᎨᏒ ᎤᎬᏫᏳᎯ ᏚᏳᎪᏛ ᎢᏯᏛᏁᎯ ᎦᏛᎦ, ᎣᏂᏃ ᎾᏍᏉ ᏎᎳᏂ ᎤᎬᏫᏳᎯ ᎠᎪᏎᎭ, ᎾᏍᎩ ᎤᎬᏫᏳᎯ ᏅᏩᏙᎯᏯᏛ ᎤᏚᎵᏍᎩ ᏥᎦᏛᎦ.","to whom also Abraham divided a tenth part of all (being first, by interpretation, King of righteousness, and then also King of Salem, which is, King of peace;"
6996,rejected,source_tag,"ᎾᏍᎩᏰᏃ Ꮎ ᎯᎠ ᎾᏍᎩ ᎤᎬᏩᎵ ᎠᏥᏁᎢᏍᏔᏅᎯ ᎨᏒ ᎤᏣᏘᏂ ᎠᏂᎳᏍᏓᎸ ᎨᎳ ᎨᏒᎩ, ᎾᏍᎩ [ᎠᏂᎳᏍᏓᎸ] ᎤᏓᎴᏅᎯ ᎥᏝ ᎩᎶ ᎠᏥᎸᎨᎳᏍᏗᏱ ᏱᏚᎸᏫᏍᏓᏁᎮᎢ.","For he of whom these things are said belongeth to another tribe, from which no man hath given attendance at the altar."
7003,rejected,source_tag,"ᎠᎴ ᎾᏍᎩ ᎠᏎᎵᏔᏅᎯ ᎨᏒ ᎬᏔᏅᎯ ᏥᎩ [ᎦᎶᏁᏛ ᎠᏥᎸ-ᎨᎶᎯ ᎢᏯᎬᏁᎸᎯ ᏥᎩ,]",And inasmuch as it is not without the taking of an oath
7007,rejected,source_tag,ᎯᎠᏍᎩᏂ [ᎠᏍᎦᏯ] ᎠᎵᏍᏆᏗᏍᎩ ᏂᎨᏒᎾ ᏤᎭ ᎤᎶᏏᎲᏍᏗ ᏂᎨᏒᎾ ᎠᏥᎸ-ᎨᎶᎯ ᎨᏒᎢ.,"but he, because he abideth for ever, hath his priesthood unchangeable."
7011,rejected,source_tag,"ᏗᎧᎿᏩᏛᏍᏗᏰᏃ ᏴᏫ ᏗᏂᏩᎾᎦᎳ ᏄᏂᎬᏫᏳᏒ ᎠᏥᎸ-ᎠᏁᎶᎯ ᏄᏅᏁᎰᎢ; ᎧᏁᏨᎯᏍᎩᏂ ᎠᏎᎵᏔᏅᎯ ᎠᏍᏓᏱᏗᏍᏔᏅᎯ ᎨᏒᎢ, ᎾᏍᎩ ᏗᎧᎿᏩᏛᏍᏗ ᎤᎵᏁᏨ ᎣᏂ ᏧᎵᏁᏤᎢ, ᎤᏪᏥ [ᎠᏥᎸᎨᎶᎯ] ᏄᏩᏁᎴ ᎾᏍᎩ ᏂᎪᎯᎸ ᎦᎷᎶᎩ ᏂᎨᏒᎾ ᏥᎩ.","For the law appointeth men high priests, having infirmity; but the word of the oath, which was after the law, appointeth a Son, perfected for evermore."
7016,rejected,source_tag,"ᎾᏍᎩ ᎾᎿ ᏥᏚᏂᎸᏫᏍᏓᏁᎭ ᏗᏟᎶᏍᏔᏅᎯ ᎠᎴ ᎤᏓᏩᏗᏍᏙᏛ ᎦᎸᎳᏗ ᎡᎯ ᎦᎵᏦᏛᎢ, ᎾᏍᎩᏯ [ᎤᏁᎳᏅᎯ] ᎼᏏ ᏧᏁᏤᎴ ᎾᎯᏳ ᎦᎵᏦᏙᏗ ᏨᏗᎪᏢᏂᏎᎢ; ᎭᎦᏌᏯᏍᏔᏅᎭ ᏧᏛᏁᎢ, ᏕᎰᏢᏍᎬ ᏂᎦᏛ ᏧᏓᎴᏅᏛ ᎾᏍᎩᏯ ᏗᏟᎶᏍᏙᏗ ᎠᎲ ᎾᏍᎩ ᏤᏣᎾᏄᎪᏫᏎᎸ ᎣᏓᎸ ᏅᏁᎸᎭ.","who serve that which is a copy and shadow of the heavenly things, even as Moses is warned of God when he is about to make the tabernacle: for, See, saith he, that thou make all things according to the pattern that was showed thee in the mount."
7029,rejected,source_tag,"ᎠᎴ [ᎦᏁᏌᎢ] ᏥᏴ ᎦᎸᎳᏗᏢ ᎠᏂᎩᎷᏫ ᎦᎸᏉᏗᏳ ᎢᏯᏅᏁᎯ, ᎾᏍᎩ ᏧᏄᏢᏕ ᎦᏁᏌᎢ ᎫᏢᏗ; ᎾᏍᎩ ᎤᎬᏩᎵ ᎥᏝ ᎪᎯ ᎨᏒ ᏂᎦᏛ ᎦᏁᎢᏍᏙᏗ ᏱᎩ.",and above it cherubim of glory overshadowing the mercy-seat; of which things we cannot now speak severally.
7030,rejected,source_tag,"ᎯᎠᏃ ᎾᏍᎩ ᎣᏍᏛ ᎢᎬᏁᎰᏅᎯ ᎨᏎᎢ, ᎠᏥᎸ-ᎠᏁᎶᎯ ᏂᎪᎯᎸ ᏩᏂᏴᎯᎮ ᎢᎬᏱᏱ ᏓᏓᎯᏢ ᎦᎵᏦᏛᎢ, ᏫᏚᏂᎸᏫᏍᏓᏁᎮ [ᎤᏁᎳᏅᎯ] ᎤᏤᎵ ᎤᎬᏩᎵ.","Now these things having been thus prepared, the priests go in continually into the first tabernacle, accomplishing the services;"
7038,rejected,source_tag,"ᎢᎳᎪ ᎢᏴᏛ ᎢᎦᎢ ᎤᏟᎯᏳ ᎦᎶᏁᏛ ᎤᎩᎬ, ᏗᏣᏓᏅᏙ ᏙᏓᏥᏅᎦᎸᎡᎵ ᏙᏓᏥᎧᎲᏏ ᎠᏓᎯᎯ ᏕᏥᎸᏫᏍᏓᏁᎲᎢ, ᎬᏂᏛᏃ ᎤᏁᎳᏅᎯ ᏤᏣᏁᎶᏙᏗᏱ ᏅᏓᏨᏁᎵ ᎾᏍᎩ ᏫᎾᏍᏛᎾ ᎡᎯ ᎠᏓᏅᏙ ᎬᏗᏍᎬ ᏄᏓᏅᎦᎸᎾ [ᎠᏍᎦᎾ,] ᎦᎶᏁᏛ ᎤᏩᏒ ᎤᏓᎵᏍᎪᎸᏔᏅᎯ ᏥᎩ ᎤᏁᎳᏅᎯ ᎤᏓᎵᏍᎪᎸᏓᏁᎸᎯ ᏥᎩ?","how much more shall the blood of Christ, who through the eternal Spirit offered himself without blemish unto God, cleanse your conscience from dead works to serve the living God?"
7059,rejected,source_tag,"ᎿᏉᏃ ᎯᎠ ᎾᎩᏪᏒᎩ, ᎬᏂᏳᏉ ᏥᎷᎩ, [ᎪᏪᎵᎯ ᎪᏪᎳ ᎥᎩᏃᎮᏍᎬᎢ,] [ᏥᎷᎩ] ᏄᏍᏛ ᏣᏚᎵᏍᎬ ᎢᏯᏆᏛᏁᏗ Ᏹ, ᏣᏁᎳᏅᎯ.","Then said I, Lo, I am come (In the roll of the book it is written of me) To do thy will, O God."
7061,rejected,source_tag,"ᎿᏉ ᎯᎠ ᏄᏪᏎᎢ, ᎬᏂᏳᏉ, ᏥᎷᎩ ᏄᏍᏛ ᏣᏚᎵᏍᎬ ᎢᏯᏆᏛᏁᏗᏱ ᏣᏁᎳᏅᎯ. ᎢᎬᏱᏱ [ᎤᏁᎢᏍᏔᏅ] ᎠᏲᏍᏗᎭ, ᎾᏍᎩ ᏔᎵᏁ [ᎤᏁᎢᏍᏔᏅ] ᎤᏍᏓᏱᏗᏍᏗᏱ.","then hath he said, Lo, I am come to do thy will. He taketh away the first, that he may establish the second."
7062,rejected,source_tag,[ᎤᏁᎳᏅᎯᏰᏃ] ᎣᏏᏳ ᎤᏰᎸᏗ ᎡᎩᏅᎦᎸᏗᏱ ᏥᏌ ᎦᎶᏁᏛ ᎠᏰᎸ ᏌᏉ ᎢᏯᎵᏍᎪᎸᏔᏅᎯ ᎨᏒ ᎢᏳᏩᏂᏌᏛ.,By which will we have been sanctified through the offering of the body of Jesus Christ once for all.
7073,rejected,source_tag,ᎠᎴ [ᏥᎩᎧᎭ] ᏄᎬᏫᏳᏌᏕᎩ ᎠᏥᎸ-ᎨᎶᎯ ᎤᏁᎳᏅᎯ ᎤᏤᎵ ᎠᏓᏁᎸ ᎤᎦᏌᏯᏍᏗᏕᎩ;,and having a great priest over the house of God;
7091,rejected,source_tag,"ᎠᏎᏃ ᎥᏝ ᎠᎾᏨᏍᎩ ᏥᎩ [ᎤᎾᏓᏡᎬ] ᎢᏖᎳ ᏱᎩ, ᎾᏍᎩ ᎨᏥᏛᏙᏗ ᎨᏒ ᎢᏴᏛ ᏥᏩᏂᎷᎦ, ᎾᏍᎩᏍᎩᏂ Ꮎ ᎤᎾᏓᏡᎬ ᎢᏖᎳ, ᎾᏍᎩ ᎤᏃᎯᏳᏒ ᏥᏓᏂᏍᏕᎸᏗ ᏧᎾᏓᏅᏙ.",But we are not of them that shrink back unto perdition; but of them that have faith unto the saving of the soul.
7097,rejected,source_tag,"ᎪᎯᏳᏗᏍᎩᏂ ᎨᏒ ᏂᏛᏗᏍᎬᎾ ᏱᎩ ᎬᏩᏟᏍᏗ ᎣᏍᏛ ᎤᏰᎸᏗ [ᎤᏁᎳᏅᎯ] ᏗᎩᎸᏫᏍᏓᏁᏗᏱ; ᎩᎶᏰᏃ ᎤᏁᎳᏅᎯ ᏱᎦᎷᏤᎭ ᎠᏎ ᏱᎦᎯᏳᎲᏍᎦ ᎡᎲᎢ, ᎠᎴ ᎾᏍᎩ ᏗᎫᏴᎡᎯ ᎨᏒ ᎤᎵᏂᎩᏛ ᎬᏩᏲᎯ.","And without faith it is impossible to be well-pleasing unto him; for he that cometh to God must believe that he is, and that he is a rewarder of them that seek after him."
7112,rejected,source_tag,"ᏤᎦᏈ ᎪᎯᏳᏗ ᎨᏒ ᎬᏗᏍᎬᎢ, ᎿᏉ ᎠᎰᎱᏍᎨᎢ ᎣᏍᏛ ᏚᏁᏤᎴ ᎢᏧᎳ ᏦᏩ ᏧᏪᏥ; ᎠᎴ ᎤᏓᏙᎵᏍᏔᏁ ᎤᏙᎳᏅᏍᏗᏱ ᎤᏍᎪᎵ [ᎤᎵᏍᏕᎸᏕᎢ.]","By faith Jacob, when he was dying, blessed each of the sons of Joseph; and worshipped, leaning upon the top of his staff."
7119,rejected,source_tag,"ᎪᎯᏳᏗ ᎨᏒ ᎬᏗᏍᎬ ᎤᏁᏤ ᎧᏃᎯᏰᎩ ᏗᎵᏍᏓᏴᏗᏱ ᎤᏂᏍᏆᏂᎪᏙᏗᏱ, ᎠᎴ ᎩᎬ ᎤᏂᏍᏚᏟᏍᏗᏱ [ᎦᎶᎯᏍᏗᏱ,] ᎾᏍᎩ ᎢᎬᏱ ᎤᎾᏕᏅᎯ ᏗᏛᏗᏍᎩ ᎪᎱᏍᏗ ᎤᏅᏁᏗᏱ ᏂᎨᏒᎾ.","By faith he kept the passover, and the sprinkling of the blood, that the destroyer of the firstborn should not touch them."
7129,rejected,source_tag,"[ᎾᏍᎩ ᎯᎠ ᎥᏝ ᎡᎶᎯ ᎬᏩᎾᏕᏗ ᏱᎨᏎᎢ;] ᎢᎾᎨ ᎠᏁᏙᎮᎢ, ᎠᎴ ᏙᏓᎸᎢ, ᎠᎴ ᏚᏍᏓᎦᎸᎢ, ᎠᎴ ᎦᏙᎯ ᏓᏔᎴᏒᎢ.","(of whom the world was not worthy), wandering in deserts and mountains and caves, and the holes of the earth."
7141,rejected,source_tag,"ᎾᏍᎩᏰᏃ Ꮎ ᎤᏙᎯᏳᎯ ᏞᎦ ᎨᎩᎩᎵᏲᎢᏍᏗᏍᎬᎩ ᎤᏅᏒ ᎠᎾᏓᏅᏖᏍᎬ ᎾᎾᏛᏁᎲᎩ; [ᎤᏁᎳᏅᎯᏍᎩᏂ] ᎣᏍᏛ ᎢᎦᎵᏍᏓᏁᏗ ᎤᎬᏩᎸ, ᎾᏍᎩ ᎢᏣᏠᏯᏍᏗᏍᎩ ᎢᏳᎵᏍᏙᏗᏱ ᎤᏩᏒ ᎠᏍᎦᎾ ᏂᎨᏒᎾ ᎨᏒᎢ.","For they indeed for a few days chastened us as seemed good to them; but he for our profit, that we may be partakers of his holiness."
7148,rejected,source_tag,"ᎢᏥᎦᏔᎭᏰᏃ ᎣᏂ ᎢᏴᏛ ᎣᏍᏛ ᎢᏯᎦᏛᏁᏗᏱ ᏧᏚᎵᏍᎨ ᏣᏥᏐᏅᎢᏍᏔᏁᎢ; ᎥᏝ ᏰᏃ [ᎤᏙᏓ] ᎤᏓᏅᏛ ᎬᏩᏁᏟᏴᏍᏗ ᎨᏒ ᏳᏩᏛᎮᎢ, ᎤᎵᏏᎾᎯᏍᏗᏳᏍᎩᏂᏃᏅ ᎠᎴ ᏗᎬᎦᏌᏬᎢᎯ ᎤᏲᎴᎢ.","For ye know that even when he afterward desired to inherit the blessing, he was rejected; for he found no place for a change of mind in his father, though he sought it diligently with tears."
7154,rejected,source_tag,"ᎠᎴ ᎾᎿ ᏂᎦᏗᏳ ᎤᎾᏓᏟᏌᎲᎢ, ᎠᎴ ᎢᎬᏱ ᎤᎾᏕᏅᎯ ᏧᎾᏁᎶᏗ ᎤᎾᏓᏡᎬᎢ, ᎾᏍᎩ [ᏚᎾᏙᎥ] ᎦᎸᎳᏗ ᏥᏕᎪᏪᎳ, ᎠᎴ ᎾᎿ ᎤᏁᎳᏅᎯ ᏂᎦᏗᏳ ᏗᎫᎪᏓᏁᎯ [ᎡᎲᎢ,] ᎠᎴ ᎾᎿ ᏧᎾᏓᏅᏙ ᎤᎾᏓᏅᏘ ᏴᏫ ᎾᏂᏍᎦᏅᎾ ᎢᎨᎬᏁᎸᎯ [ᎠᏁᎲᎢ,]","to the general assembly and church of the firstborn who are enrolled in heaven, and to God the Judge of all, and to the spirits of just men made perfect,"
7155,rejected,source_tag,"ᎠᎴ ᎾᎿ ᏥᏌ [ᎡᎲᎢ] ᎾᏍᎩ ᎠᏰᎵ ᎠᎴᎲᏍᎩ ᎢᏤ ᎧᏃᎮᏛ ᏓᏠᎯᏍᏛᎢ, ᎠᎴ ᎾᎿ ᎩᎬ ᎠᏍᏚᏢᎯ ᎨᏒᎢ, ᎾᏍᎩ ᎤᏟ ᎢᏲᏍᏛ ᎠᏔᏲᎯᎯ ᏥᎩ ᎡᏍᎦᏉ ᎡᏈᎵ [ᎤᎩᎬ.]","and to Jesus the mediator of a new covenant, and to the blood of sprinkling that speaketh better than that of Abel."
7172,rejected,source_tag,"ᎾᏍᎩ ᎢᏳᏍᏗ ᏥᏌ ᎾᏍᏉ, ᎾᏍᎩ, ᎾᏂᏍᎦᏅᎾ ᎢᏧᏩᏁᏗᏱ ᏴᏫ ᎤᏩᏒ ᎤᎩᎬ ᎬᏗᏍᎬᎢ, ᎦᎶᎯᏍᏗᏱ [ᏥᎷᏏᎵᎻ] ᏙᏱᏗᏢ ᎤᎩᎵᏲᏤᎢ.","Wherefore Jesus also, that he might sanctify the people through his own blood, suffered without the gate."
7301,rejected,source_tag,"ᎾᏍᎩ [ᏥᏌ ᎦᎶᏁᏛ] ᎡᏥᎪᎥᎯ ᏂᎨᏒᎾ ᎢᎡᏥᎨᏳᎭ; ᎠᎴ ᎾᏍᎩ ᎪᎯ ᎨᏒ ᏁᏥᎪᏩᏘᏍᎬᎾ, ᎠᏎᏃ ᎡᏦᎯᏳᎲᏍᎬᎢ ᎡᏣᎵᎮᎵᎦ ᎢᏨᏗᎭ ᎠᎵᎮᎵᏍᏗ ᎨᏒ ᎦᏃᎮᏗ ᏂᎨᏒᎾ ᎠᎴ ᎦᎸᏉᏔᏅᎯ;","whom not having seen ye love; on whom, though now ye see him not, yet believing, ye rejoice greatly with joy unspeakable and full of glory:"
7310,rejected,source_tag,"ᎢᏳ ᎠᎴ ᎡᏣᏓᏙᎵᏍᏓᏁᎮᏍᏗ ᎠᎦᏴᎵᎨᎢ, ᎾᏍᎩ ᏂᏗᎦᎸᏉᏗᏍᎬᎾ ᏥᏕᎫᎪᏓᏁᎭ ᎾᏂᎥ ᎠᏂᏏᏴᏫᎭ ᏄᏍᏛ ᏚᏂᎸᏫᏍᏓᏁᎲᎢ, ᏂᎪᎯᎸ [ᎠᏂ] ᎢᏣᎴᏂᏙᎲᎢ ᎢᏤᏯᏔᎯ ᎨᏎᏍᏗ ᎢᏤᎲᎢ.","And if ye call on him as Father, who without respect of persons judgeth according to each man’s work, pass the time of your sojourning in fear:"
7315,rejected,source_tag,"ᎾᏍᎩᏃ ᏗᏥᏅᎦᎸᏛ ᏥᎩ ᏗᏣᏓᏅᏙ ᏕᏥᎧᎾᏩᏛᏒ ᏚᏳᎪᏛ ᏥᏅᏧᎵᏍᏙᏔᏅ, [ᎦᎸᏉᏗᏳ] ᎠᏓᏅᏙ ᏥᏨᏔᏅ, ᏄᏠᎾᏍᏛᎾ ᎠᏓᎨᏳᏗ ᎨᏒ ᎢᏨᏙᏗᏱ ᏗᏥᎨᏳᎯᏳ ᎢᏳᎵᏍᏙᏗᏱ ᎢᏣᎵᏅᏟ, ᎤᎵᏂᎩᏛ ᏕᏣᏓᎨᏳᏎᏍᏗ ᎢᏨᏗᏍᎨᏍᏗ ᎦᏓᎭ ᏂᎨᏒᎾ ᎢᏥᎾᏫ.","Seeing ye have purified your souls in your obedience to the truth unto unfeigned love of the brethren, love one another from the heart fervently:"
7344,rejected,source_tag,"ᎾᏍᏉᏃ ᏂᎯ ᎢᏥᎨᏴ ᏗᏦᎯᏳᎯᏳ ᎨᏎᏍᏗ ᏗᎨᏥᏰᎯ, ᎾᏍᎩ ᎢᏳᏃ ᎩᎶ ᎧᏃᎮᏛ ᏂᏓᏂᎧᎿᏩᏕᎬᎾ ᏱᎩ, ᎾᏍᎩ ᎾᏍᏉ ᎧᏃᎮᏛ ᎬᏗ ᏂᎨᏒᎾ ᏱᎨᏥᏎᎪᎩᏍᏓ [ᎠᏂᎪᏩᏘᏍᎬ] ᏄᏍᏛ ᎢᏣᎴᏂᏙᎲ ᎢᏥᎨᏴ,","In like manner, ye wives, be in subjection to your own husbands; that, even if any obey not the word, they may without the word be gained by the behavior of their wives;"
7362,rejected,source_tag,"ᎾᏍᎩ ᎾᏍᏉ [ᎠᏓᏅᏙ] ᎤᏩᏔᏁ ᎤᏪᏅᏎ ᏫᏚᎵᏥᏙᏁᎴ ᏗᏓᏅᏙ ᏗᏓᏍᏚᏗᏱ ᏣᏂᏯᎠ,","in which also he went and preached unto the spirits in prison,"
7387,rejected,source_tag,"ᎠᎴ ᏕᏥᎦᏘᏴ [ᎤᏁᎳᏅᎯ] ᏧᏤᎵᎦ ᏞᏍᏗ ᎤᏂᎬᏫᏳᎯ ᎾᎾᏛᏁᎲ ᏱᏂᏣᏛᏁᎮᏍᏗ, ᎦᎨᏣᏕᎶᏉᎡᏗᏍᎩᏂ ᎨᏎᏍᏗ ᎾᏍᎩ ᎤᎾᏓᏡᎬᎢ.","neither as lording it over the charge allotted to you, but making yourselves ensamples to the flock."
7415,rejected,source_tag,"ᎤᏁᎳᏅᎯᏰᏃ ᎠᎦᏴᎵᎨ ᎤᎵᏍᎪᎸᏓᏁᎸᎩ ᎦᎸᏉᏗᏳ ᎨᏒ ᎠᎴ ᎢᎦᏚᎸᏌᏛᎢ, ᎾᎯᏳ ᎧᏁᎬ ᏧᎷᏤᎸ ᎤᏣᏘ ᎦᎸᏉᏗᏳ ᎢᎦ-ᏚᎸᏌᏛ ᏅᏓᏳᏓᎴᎤᎯ, [ᎯᎠ ᏥᏂᎦᏪᏍᎬᎩ,] ᎯᎠ ᏥᎨᏳᎢ ᎠᏇᏥ, ᎾᏍᎩ ᎣᏏᏳ ᏥᏰᎸᎢ ᏥᎩ.","For he received from God the Father honor and glory, when there was borne such a voice to him by the Majestic Glory, This is my beloved Son, in whom I am well pleased:"
7427,rejected,source_tag,"(ᎾᏍᎩᏰᏃ ᎤᏓᏅᏘ ᎠᏍᎦᏯ ᎠᏁᎲ ᏤᎮᎢ, ᎠᎪᏩᏘᏍᎬ ᎠᎴ ᎠᏛᎩᏍᎬ [ᏄᏍᏛ ᏚᏂᎸᏫᏍᏓᏁᎲᎢ] ᎤᏓᏅᏘ ᎤᏓᏅᏙ ᏂᏚᎩᏨᏂᏒ ᎤᏕᏯᏙᏗ ᎤᏓᏅᏖ ᏅᏗᎦᎵᏍᏙᏗᏍᎨ ᏂᏚᏳᎪᏛᎾ ᏚᏂᎸᏫᏍᏓᏁᎲᎢ,)","(for that righteous man dwelling among them, in seeing and hearing, vexed his righteous soul from day to day with their lawless deeds):"
7429,rejected,source_tag,"ᎠᎴ ᎾᏍᎩ ᎰᎤᎬᏫᏳᎭ [ᎨᏂᎩᎵᏲᎢᏍᏙᏗ ᎨᏎᏍᏗ] ᎤᏇᏓᎵ ᎠᏂᏍᏓᏩᏕᎩ ᎤᏂᎬᎥᏍᎬ ᎦᏓᎭ ᎨᏒᎢ, ᎠᎴ ᏗᏂᏍᎦᎩ ᏄᏂᎬᏫᏳᏌᏕᎩ. ᎤᏂᏍᎦᎢᏍᏗ, ᎤᏅᏒ ᎠᎾᏓᏅᏖᏍᎬ ᎤᏂᎸᏉᏗ; ᎥᏝ ᏯᏂᏍᎦᎢᎭ ᏗᎬᏩᏂᏐᏢᏙᏗᏱ ᎨᏥᎸᏉᏗ.","but chiefly them that walk after the flesh in the lust of defilement, and despise dominion. Daring, self-willed, they tremble not to rail at dignities:"
7432,rejected,source_tag,"ᎠᎴ ᏛᏂᏩᏛᎯ ᎨᎦᎫᏴᏓᏁᏗ ᏂᏚᏳᎪᏛᎾ ᏚᏂᎸᏫᏍᏓᏁᎲᎢ, ᎾᏍᎩᏯ [ᎨᎦᎫᏴᏓᏁᏗ ᏥᎩ] ᎣᏏᏳ ᎤᏥᏰᎸᎯ ᎢᎦ ᎨᏒ ᎣᏍᏛ ᏧᎾᎵᏍᏓᏴᏗᏱ. ᏥᏚᏓᏓᎶᎢ ᎠᎴ ᎪᎱᏍᏗ ᏧᏍᏙᎢ ᎾᏍᎩᏯᎢ, ᎣᏏᏳ ᎤᏂᏰᎸᎭ ᎤᏅᏒ ᎠᎾᏓᎵᏓᏍᏗᏍᎬᎢ, ᎾᎯᏳ ᎢᏧᎳᎭ ᎢᏣᎵᏍᏓᏴᎲᏍᎬᎢ.","suffering wrong as the hire of wrong-doing; men that count it pleasure to revel in the day-time, spots and blemishes, revelling in their deceivings while they feast with you;"
7436,rejected,source_tag,"ᎯᎠ ᎾᏍᎩ ᏓᏔᎴᏒ ᎠᎹ-ᏗᏢᏗᏱ ᎠᎹ ᏂᏗᎦᏁᎲᎾ, [ᎠᎴ] ᎤᎶᎩᎸ ᎤᏃᎴ ᏧᏃᎸᏔᏂᏙᎰᎢ, ᎾᏍᎩ Ꮎ ᎬᎾᎨ ᎤᎵᏏᎬ ᏥᎨᎦᏛᏅᎢᏍᏓᏁᎸ ᎤᎵᏍᏆᏗᏍᏗ ᏂᎨᏒᎾ.","These are springs without water, and mists driven by a storm; for whom the blackness of darkness hath been reserved."
7437,rejected,source_tag,"ᎠᏂᏁᎩᏰᏃ ᎤᏣᏘ ᎠᏢᏆᏍᏗ ᎪᎱᏍᏗ ᎬᏙᏗ ᏂᎨᏒᎾ ᎠᏂᏬᏂᏍᎬᎢ, ᏓᏂᎶᏄᎮᏍᎪ ᎠᏅᏗᏍᎪ ᎤᏇᏓᎵ ᎠᏚᎸᏗ ᎨᏒᎢ, [ᎠᎴ] ᏃᎵᏏᎾᎯᏍᏛᎾ ᏂᏓᏍᏗ ᎨᏒᎢ, ᎾᏍᎩ ᎤᏙᏗᏳᎯ ᏧᎾᏗᏫᏎᎸᎯ ᎾᏍᎩ Ꮎ ᎠᏏ ᎤᏓᎵᏓᏍᏗ ᎨᏒ ᎠᎾᎴᏂᏙᎯ ᏥᎩ.","For, uttering great swelling words of vanity, they entice in the lusts of the flesh, by lasciviousness, those who are just escaping from them that live in error;"
7475,rejected,source_tag,"ᎩᎶ [ᏥᏌ] ᏥᏯᎠ ᏯᏗᎭ, [ᏥᏌ] ᎤᏪᏙᎸ ᎾᏍᎩᏯ ᎾᏍᏉ ᏰᏙᎭ.",he that saith he abideth in him ought himself also to walk even as he walked.
7477,rejected,source_tag,"ᎠᎴᏬ, ᎢᏤ ᏗᎧᎿᏩᏛᏍᏗ ᎢᏨᏲᏪᎳᏁᎭ, ᎾᏍᎩ ᎤᏙᎯᏳᎭ [ᎦᎶᏁᏛ] ᎨᏒᎢ ᎠᎴ ᏂᎯ ᎨᏒᎢ; ᎤᎵᏏᎬᏰᏃ ᎤᎶᏐᏅ, ᎿᏉᏃ ᏚᏳᎪᏛ ᎢᎦᎦᏘ ᏚᎸᏌᏛ.","Again, a new commandment write I unto you, which thing is true in him and in you; because the darkness is passing away, and the true light already shineth."
7488,rejected,source_tag,"ᎨᎦᏙᎳᎡᎸᎩ, ᎠᏎᏃ ᎥᏝ ᎾᎿ ᎠᏁᎳ ᏱᎨᏎᎢ, ᎢᏳᏰᏃ ᎾᎿ ᎠᏁᏔ ᏱᎨᏎᎢ, ᎠᏎ ᏱᏂᎬᏩᎾᏛᏁᎢ, ᎠᏎᏃ [ᎤᎾᏙᏣᏒᎩ] ᎬᏂᎨᏒ ᎢᏳᎾᎵᏍᏙᏗᏱ ᎾᎿ ᏂᎦᏛ ᎠᏁᎳ ᏂᎨᏒᎾ ᎨᏒᎢ.","They went out from us, but they were not of us; for if they had been of us, they would have continued with us: but they went out, that they might be made manifest that they all are not of us."
7492,rejected,source_tag,"ᎩᎶ [ᎤᏁᎳᏅᎯ] ᎤᏪᏥ ᎠᏓᏱᎯ, ᎾᏍᎩ ᎥᏝ ᏳᏪᎭ ᎠᎦᏴᎵᎨᎢ; [ᎾᏍᎩᏍᎩᏂ Ꮎ ᎪᎯᏳᎲᏍᎩ ᎤᏪᏥ ᎾᏍᎩ ᎤᏪᎭ ᎾᏍᏉ ᎠᎦᏴᎵᎨᎢ.]","Whosoever denieth the Son, the same hath not the Father: he that confesseth the Son hath the Father also."
7498,rejected,source_tag,"ᎢᏳᏃ ᏱᏥᎦᏔᎭ ᎾᏍᎦᏅᎾ ᎨᏒ ᏥᏌ, ᎤᏥᎦᏔᎭ [ᎾᏍᏉ] ᎾᏂᎥ ᏚᏳᎪᏛ ᏧᏂᎸᏫᏍᏓᏁᎯ ᎾᏍᎩ ᏧᎾᏄᎪᏫᏒᎯ ᎨᏒᎢ.","If ye know that he is righteous, ye know that every one also that doeth righteousness is begotten of him."
7501,rejected,source_tag,"ᎩᎶᏃ ᎾᏍᎩ ᎯᎠ ᏥᏄᏍᏙ ᎤᏚᎩ ᏧᏩᏐ [ᏥᏌ], ᎤᏩᏒ ᎠᏓᏅᎦᎵᏍᎪᎢ, ᎾᏍᎩᏯ [ᏥᏌ] ᏄᏅᎦᎸᎾ ᏥᎩ ᎾᏍᎩᏯ ᎾᏓᏛᏁᎰᎢ.","And every one that hath this hope set on him purifieth himself, even as he is pure."
7504,rejected,source_tag,"ᎩᎶ ᏣᏯᎣ [ᎦᎶᏁᏛᏱ] ᎥᏝ ᏯᏍᎦᏅᎪᎢ; ᎩᎶ ᏣᏍᎦᏅᎪᎢ ᎥᏝ ᎤᎪᎲᎯ ᏱᎨᏐᎢ, ᎥᏝ ᎠᎴ ᎤᎦᏙᎥᏒᎯ ᏱᎨᏐᎢ.","Whosoever abideth in him sinneth not: whosoever sinneth hath not seen him, neither knoweth him."
7505,rejected,source_tag,"ᏗᏥᏲᎵ ᏞᏍᏗ ᎩᎶ ᏱᏥᎶᏄᎮᎴᏍᏗ; ᏚᏳᎪᏛ ᏧᎸᏫᏍᏓᏁᎯ ᎾᏍᎩ ᎾᏍᎦᏅᎾ, ᎾᏍᎩᏯ [ᎦᎶᏁᏛ] ᎾᏍᎦᏅᎾ ᏥᎩ.","My little children, let no man lead you astray: he that doeth righteousness is righteous, even as he is righteous:"
7522,rejected,source_tag,"ᎩᎶᏃ ᎾᏍᎩ ᎤᏤᎵᎦ ᏗᎧᎿᏩᏛᏍᏗ ᎠᏍᏆᏂᎪᏗᏍᎩ ᎾᏍᎩ ᎠᏯᎣᎢ [ᎤᏁᎳᏅᎯᏱ], ᎠᎴ ᎾᏍᎩ ᎤᏯᎣᎢ [ᎤᏁᎳᏅᎯ]. ᎠᎴ ᎠᏓᏅᏙ ᎢᎩᏁᎸᎯ ᎨᏒ ᎾᏍᎩ ᎢᏓᏙᎴᎰᎯᏍᏗᎭ ᎠᏴ ᎢᎩᏯᎥᎢ.","And he that keepeth his commandments abideth in him, and he in him. And hereby we know that he abideth in us, by the Spirit which he gave us."
7629,rejected,source_tag,"ᎠᏰᎵᏃ ᏕᎦᎧᎲ ᎦᎵᏉᎩ ᏗᏨᏍᏙᏗ ᏗᎦᎪᏙᏗ [ᎦᏙᎬᎩ] ᎩᎶᎢ ᏴᏫ ᎤᏪᏥ ᎾᏍᎩᏯᎢ, ᎤᏄᏩᎥᎩ ᏧᎳᏏᏕᏂ ᏂᏚᎸᎩ, ᎠᏓᏠᏍᏗᏃ ᎠᏕᎸ ᏓᎶᏂᎨ ᎪᏢᏔᏅᎯ ᎤᏓᏠᎲᎩ ᏗᎦᏅᏗᏱ ᏧᏳᎪᏗ.","and in the midst of the candlesticks one like unto a son of man, clothed with a garment down to the foot, and girt about at the breasts with a golden girdle."
7678,rejected,duplicate_exact,ᎩᎶ ᎦᎵᎷᎨᏍᏗ ᏩᏛᎬᎦ ᎠᏓᏅᏙ ᏂᏕᎦᏪᏎᎲ ᏧᎾᏁᎶᏗ ᏚᎾᏓᏡᏩᏗᏒᎢ.,"He that hath an ear, let him hear what the Spirit saith to the churches."
7738,rejected,source_tag,"ᎣᏂᏃ ᎢᏴᏛ ᏓᏆᎧᎾᏅᎩ, ᎠᎴ ᎬᏂᏳᏉ, ᎤᏂᏧᏈᏍᏗ ᏴᏫ [ᏫᏕᏥᎪᎥᎩ] ᎾᏍᎩ ᎩᎶ ᏗᎬᏩᏎᎰᎲᏍᏗ ᏂᎨᏒᎾ, ᎾᏍᎩ ᏅᏓᏳᎾᏙᏣᎴᏛ ᎾᏂᎥ ᎤᎾᏓᏤᎵᏛ ᏴᏫ ᏓᏁᏩᏗᏒᎢ, ᎠᎴ ᎪᎱᏍᏗ ᏗᎾᏓᏛᎿ ᎨᏒᎢ, ᎠᎴ ᏴᏫ ᏓᏁᏩᏗᏒᎢ ᎠᎴ ᏧᏓᎴᏅᏛ ᏗᏂᏬᏂᏍᎩ ᎨᏒᎢ, ᎠᏂᏙᎾᎥᎩ ᎦᏍᎩᎸ ᎢᎬᏱᏗᏢ, ᎠᎴ ᎤᏃᏕᎾ ᎠᎩᎾ ᏄᏛᏅ ᎢᎬᏱᏗᏢ, ᏧᏁᎬ ᏚᎾᏄᏩᎥᎩ, ᎠᎴ ᏗᏂᏁᎲᎩ ᏧᏪᏲᏔ ᏧᎦᏄᏓᏅᎯᏛ;","After these things I saw, and behold, a great multitude, which no man could number, out of every nation and of all tribes and peoples and tongues, standing before the throne and before the Lamb, arrayed in white robes, and palms in their hands;"
7760,rejected,source_tag,"ᎯᏍᎩᏁᏃ ᎨᏒ ᏗᎧᎿᏩᏗᏙᎯ ᎤᏤᎷᎯᏒᎩ, ᎠᎩᎪᎲᎩᏃ ᏃᏈᏏ ᎦᎸᎶᎢ ᏓᏳᏓᎴᏅᎩ ᎡᎶᎯᏃ ᎤᏬᏥᎸᎩ; ᎠᎴ ᎾᏍᎩ [ᏃᏈᏏ] ᎠᏥᏕᎸᎩ ᎠᏍᏚᎢᏍᏗ ᎾᏍᎩ ᏫᎾᏍᏛᎾᎠᏔᎴᏒ ᎠᏍᏚᎢᏍᏙᏗ.","And the fifth angel sounded, and I saw a star from heaven fallen unto the earth: and there was given to him the key of the pit of the abyss."
7782,rejected,source_tag,"ᎪᏪᎵᏃ ᎤᏍᏗ ᎤᏒᎦᎸᎩ ᎠᏍᏚᎢᏛ; ᎠᎦᏘᏏᏃ ᎤᎳᏏᏕᏂ ᎠᎺᏉᎯ ᎤᎳᏏᏅᎩ, ᎠᎦᏍᎦᏂᏃ [ᎤᎳᏏᏕᏂ] ᎦᏙᎯ ᎤᎳᏏᏅᎩ,","and he had in his hand a little book open: and he set his right foot upon the sea, and his left upon the earth;"
7794,rejected,source_tag,"ᏗᏆᏤᎵᏃ ᎠᏂᏔᎵ ᎠᏂᎦᏔᎯ ᏓᎦᏥᏁᎵ [ᎤᎾᏙᎴᎰᎯᏍᏗᏱ] ᎠᎴ ᎠᎾᏙᎴᎰᏍᎨᏍᏗ ᏌᏉ ᎢᏯᎦᏴᎵ ᏔᎵᏧᏈ ᏑᏓᎵᏍᎪᎯᏃ ᏧᏒᎯᏛ, ᏧᏏᏕᏅ ᏚᎾᏄᏩᎡᏍᏗ.","And I will give unto my two witnesses, and they shall prophesy a thousand two hundred and threescore days, clothed in sackcloth."
7812,rejected,source_tag,"ᎾᏍᎩᏃ ᎦᏁᎵᏛ Ꭸ-Ꮢ ᎢᏳᏍᏗ, ᎤᏪᎷᏅᎩ ᎠᎴ ᎤᎾᏄᎪᏫᏏᏕᎾ ᎨᏒᎩ, ᎠᎴ ᎡᎯᏍᏗ ᎤᏓᏅᏛ ᎤᏚᎵᏍᎬᎩ ᎤᎾᏄᎪᏫᏍᏗᏱ [ᎠᏰᎵ.]","and she was with child; and she crieth out, travailing in birth, and in pain to be delivered."
7813,rejected,source_tag,"ᎠᎴ ᏅᏩᏓᎴ ᎤᏍᏆᏂᎪᎩ ᎤᎾᏄᎪ ᏨᎩ ᎦᎸᎳᏗ; ᎠᎴ ᎬᏂᏳᏉ ᎤᏣᏅ ᎩᎦᎨ ᎢᎾᏛ [ᏫᏥᎪᎥᎩ,] ᎦᎸᏉᎩ ᏓᏍᎫᏓᏛᎩ, ᎠᎴ ᎠᏍᎪᎯ ᏕᎤᎷ-ᎬᎩ, ᎠᎴ ᎦᎸᏈᎩ ᏚᎵᏍᏚᎸᎩ ᏓᏍᎫᏓᏛᎢ.","And there was seen another sign in heaven: and behold, a great red dragon, having seven heads and ten horns, and upon his heads seven diadems."
7814,rejected,source_tag,"ᎦᏂᏓᏛᏃ ᏃᏈᏏ ᎦᎸᎳᏗ ᎠᏂᎧᎸ ᏦᎢ ᎢᏗᎦᏛᎯ ᎨᏒ ᎾᏍᎩ ᏌᏉ ᎢᏳᏪᏨᎯ ᏕᎤ-ᏎᏒᏔᏅᎩ, ᎠᎴ ᎦᏙᎯ ᏫᏚᏗᏅᏒᎩ; ᎢᎾᏛᏃ ᎢᎬᏱᏗᏢ ᎤᎴᏅᎩ ᎠᎨᏴ ᏄᏛᏅᎢ, ᎾᏍᎩ ᎤᎾᏄᎪᏫᏏᏕᎾ [ᎠᏲᎵ] ᎾᏍᎩ ᎤᏕᏃᏅᎯᏉ ᎤᏪᏯᎣᎲᏍᏗᏱ ᎤᏰᎸᏒᎩ.","And his tail draweth the third part of the stars of heaven, and did cast them to the earth: and the dragon standeth before the woman that is about to be delivered, that when she is delivered he may devour her child."
7819,rejected,source_tag,"ᎾᏍᎩᏃ Ꮎ ᎤᏔᏅ ᎢᎾᏛ ᎠᏥᏄᎪᏫᏒᎩ, ᎾᏍᎩ ᎾᎠᎦᏴᎵ ᎢᎾᏛ, ᎠᏍᎩᎾ ᏣᎪᏎᎭ, ᎠᎴ ᏎᏓᏂ, ᎾᏍᎩ ᏥᏕᎦᎶᏄᎮᎭ ᏂᎬᎾᏛ ᎡᎶᎯ [ᎠᏁᎯ;] ᎾᏍᎩ ᏓᏰᏥᏄᎪᏫᏒᎩ ᎡᎶᎯ ᏓᏰᎦᏓᎢᏅᏒᎩ, ᎠᎴ ᎾᏍᎩ ᏧᏤᎵ ᏗᏂᎧᎿᏩᏗᏙᎯ ᎢᏧᎳᎭ ᏓᎨᏥᏄᎪᏫᏒᎩ.","And the great dragon was cast down, the old serpent, he that is called the Devil and Satan, the deceiver of the whole world; he was cast down to the earth, and his angels were cast down with him."
7827,rejected,source_tag,"ᎠᎴ ᎢᎾᏛ ᎤᎿᎸᏤᎸ-Ꭹ ᎠᎨᏴ, ᎠᎴ ᏓᎿᏩ ᎢᏧᏩᏁᏗᏱ ᎤᏰᎸᏅᎩ ᎤᎾᎵᏃᎯᏴᎯ ᎾᏍᎩ [ᎠᎨᏴ] ᎤᏁᏢᏔᏅᎯ ᎨᏒᎢ, ᎾᏍᎩ Ꮎ ᎠᏂᏍᏆᏂᎪᏗᏍᎩ ᏗᎧᎿᏩᏛᏍᏗ ᎤᏁᎳᏅᎯ ᏧᏤᎵᎦ, ᎠᎴ ᎤᏂᎯ ᏥᏌ ᎦᎶᏁᏛ ᎤᏤᎵ ᎪᎯᏳᏗᏍᎩ","And the dragon waxed wroth with the woman, and went away to make war with the rest of her seed, that keep the commandments of God, and hold the testimony of Jesus:"
7830,rejected,source_tag,ᏌᏉᏃ ᎠᏍᎫᏓᏛ ᎠᎩᎪᎲᎩ ᎬᏩᏲᎱᎯᏍᏗ ᎢᏴᏛ ᏣᏥᏐᏅᏃ ᏓᏤᎸᎩ; ᎠᎴ ᎾᏍᎩ ᎬᏩᏲᎱᎯᏍᏗ ᎢᏴᏛ ᎠᏥᏐᏅᏅ ᎤᏗᏩᏒᎯ ᎨᏒᎩ; ᎠᎴ ᏂᎬᎾᏛ ᎡᎶᎯ [ᎠᏁᎯ] ᎠᏂᏍᏆᏂᎪᏍᎬᎩ [ᎠᎴ] ᎠᏂᏍᏓᏩᏗᏒᎩ ᎾᏍᎩ ᎾᏅᎩ-ᏗᎦᏅᏌᏗ.,And I saw one of his heads as though it had been smitten unto death; and his death-stroke was healed: and the whole earth wondered after the beast;
7835,rejected,source_tag,"ᎠᎴ ᎾᏂᎥ ᎡᎶᎯ ᏓᏁᏩᏗᏒ ᏓᎬᏩᏓᏙᎵᏍᏓᏁᎵ, ᎾᏍᎩ ᏚᎾᏙᎥ ᏂᏗᎪᏪᎸᎾ ᎬᏂᏛ ᎪᏪᎵᎯ ᎾᏍᎩ ᎤᏃᏕᎾ ᎠᎩᎾ ᎤᏤᎵᎦ, ᎾᏍᎩ [ᎤᏃᏕᎾ ᎠᎩᎾ] ᎡᎶᎯ ᏧᏙᏢᏅ ᏅᏓᎬᏩᏓᎴᏅᏛ ᎠᏥᎸᎯ ᏥᎨᏎᎢ.","And all that dwell on the earth shall worship him, every one whose name hath not been written from the foundation of the world in the book of life of the Lamb that hath been slain."
7858,rejected,source_tag,"ᎠᎴ ᎠᏆᏛᎦᏅᎩ ᎩᎶ ᎧᏁᎬ ᎦᎸᎳᏗ ᏛᏓᎴᎲᏍᎬᎩ ᎯᎠ ᏅᏛᎩᏪᏎᎲᎩ, ᎰᏪᎸᎩ, [ᎯᎠ ᏅᎦ,] ᎣᏏᏳ ᎢᏳᎾᎵᏍᏓᏁᏗ ᏧᏂᏲᎱᏒᎯ ᎾᏍᎩ ᎤᎬᏫᏳᎯ ᏚᎾᏁᎶᏛ ᏗᏂᏲᎱᏍᎩ ᎪᎯ ᎢᏳᏓᎴᏅᏛ; ᎤᏙᎯᏳᎯ ᎠᏗᎭ ᎠᏓᏅᏙ ᎾᏍᎩ ᎬᏩᎾᏣᏪᏐᎸᏍᏙᏗ ᎢᏳᎵᏍᏙᏗᏱ ᏚᏂᎸᏫᏍᏓᏁᎸᎢ; ᎠᎴ ᏚᏂᎸᏫᏍᏓᏁᎸ ᏓᏳᏂᏍᏓᏩᏕᏏ.","And I heard a voice from heaven saying, Write, Blessed are the dead who die in the Lord from henceforth: yea, saith the Spirit, that they may rest from their labors; for their works follow with them."
7867,rejected,source_tag,"ᎠᎴ ᎠᎩᎪᎲᎩ ᎥᏓᎸ ᎠᏓᎨᏗ ᏗᎬᏩᎸᏌᏛ ᎾᏍᎩᏯᎢ ᎠᏥᎸ ᎤᏓᏑᏱ ᎨᏒᎩ; ᎠᎴ ᎾᏍᎩ Ꮎ [ᎥᎦᏥᎪᎥᎩ] ᏅᎩᏗᎦᏅᏌᏗ ᎤᎾᏓᎵᏁᎯᏕᎸᎯ, ᎠᎴ ᎾᏍᎩ Ꮎ ᏣᎦᏟᎶᏍᏔᏅᎯ, ᎠᎴ ᎤᏤᎵ ᏧᏬᏪᎶᏙᏗ, ᎠᎴ ᎾᏍᎩ ᏚᏙᎥ ᎢᎦᎢ ᎠᏎᏍᏗ ᎨᏒᎢ, ᎠᏂᏙᎾᎥᎩ ᎥᏓᎸ ᎠᏓᎨᏗ ᏗᎬᏩᎸᏌᏛ ᎾᏍᎩᏯᎢ, ᎤᏁᎳᏅᎯ ᏧᏤᎵ ᏗᎧᏃᎩᏍᏙᏗ ᏓᏂᏁᎲᎩ","And I saw as it were a sea of glass mingled with fire; and them that come off victorious from the beast, and from his image, and from the number of his name, standing by the sea of glass, having harps of God."
7880,rejected,source_tag,"ᏅᏩᏓᎴᏃ [ᏗᎧᎿᏩᏗᏙᎯ] ᎥᏥᏯᏛᎦᏁᎸᎩ ᎠᏥᎸ-ᎨᎳᏍᏗᏱ ᎯᎠ ᏅᏓᏳᏪᏒᎩ, ᎾᏍᎩᏯ ᏄᏍᏕᏍᏗ, ᏣᎬᏫᏳᎯ ᏣᏁᎳᏅᎯ ᏫᎾᏍᏛᎾ ᏣᎵᏂᎩᏛ, ᎣᏏᏳ ᎠᎴ ᏚᏳᎪᏛ ᏂᎯ ᏗᎫᎪᏙᏗ ᎨᏒᎢ.","And I heard the altar saying, Yea, O Lord God, the Almighty, true and righteous are thy judgments."
7892,rejected,source_tag,"ᎠᎴ ᎾᏍᎩ ᎡᏆ ᎦᏚᎲ ᏦᎢ ᏄᏓᏛᎩ, ᎠᎴ ᎤᎾᏓᏤᎵᏛ ᏴᏫ ᏓᏁᏩᏗᏒ ᏚᏂᏚᎲ ᏚᏲᏨᎩ; ᎠᎴ ᏓᏓᎶᏂ ᎦᎸᏉᏗ ᎦᏚᎲ ᎠᏅᏓᏗᏍᏗ ᏄᎵᏍᏔᏅᎩ ᎤᏁᎳᏅᎯ ᏄᏛᏅᎢ, ᎾᏍᎩ ᎠᏥᏁᏗᏱ [ᏓᏓᎶᏂ] ᎤᎵᏍᏈᏗ ᎩᎦᎨ-ᎠᏗᏔᏍᏗ ᎠᏟᏍᏛ ᎤᏣᏘ ᎤᏔᎳᏬᎯᏍᏗ ᎨᏒ ᎤᏩᏛᏗ.","And the great city was divided into three parts, and the cities of the nations fell: and Babylon the great was remembered in the sight of God, to give unto her the cup of the wine of the fierceness of his wrath."
7899,rejected,source_tag,"ᎠᎬᏓᎨᏂᏃ ᏚᏙᎥ ᎪᏪᎸᎩ, [ᎯᎠ ᏂᎬᏅᎩ] ᎤᏕᎵᏛ ᎨᏒᎢ, ᏓᏓᎶᏂ ᎡᏆ, ᎤᏂᏁᎫᏥᏛ ᎠᏂᎨᏴ ᎤᏂᏥ ᎠᎴ ᎤᏂᏆᏘᏍᏗ ᎡᎶᎯ ᎡᎯ.","and upon her forehead a name written, MYSTERY, BABYLON THE GREAT, THE MOTHER OF THE HARLOTS AND OF THE ABOMINATIONS OF THE EARTH."
7902,rejected,too_long,"ᎾᏍᎩ Ꮎ ᏅᎩ-ᏗᎦᏅᏌᏗ ᏥᎪᎥᎩ, ᎡᎲᎩ, ᎠᎴ ᎥᏝ ᏰᎭ; ᎠᎴ ᏙᏛᎴᏂ ᏫᎾᏍᏛᎾ ᏗᏔᎴᏒ ᏓᎦᏄᎪᏥ, ᎠᎴ ᎠᏥᏛᏙᏗᏱ ᏴᏓᎦᎶᏏ, ᎾᏍᎩᏃ Ꮎ ᎡᎶᎯ ᎠᏁᎯ ᎾᏍᎩ ᏚᎾᏙᎥ ᏂᏗᎪᏪᎳᏅ ᎾᎬᏂᏛ ᎪᏪᎵᎯ ᎡᎶᎯ ᏧᏙᏢᏅ ᏅᏓᎬᏩᎴᏅᏛ ᏛᏂᏍᏆᏂᎪᏏ ᎠᏂᎪᎲᎭ ᏅᎩ-ᏗᎦᏅᏌᏗ ᎾᏍᎩ ᏤᎲᎩ, ᎠᎴ ᏁᎲᎾ ᏥᎩ, ᎠᏎᏃ ᎾᏍᎩ ᏤᎭ.","The beast that thou sawest was, and is not; and is about to come up out of the abyss, and to go into perdition. And they that dwell on the earth shall wonder, they whose name hath not been written in the book of life from the foundation of the world, when they behold the beast, how that he was, and is not, and shall come."
7961,rejected,too_long,"ᎠᎴ ᏓᎩᎪᎲ ᏕᎦᏍᎩᎸᎢ, ᎾᎿᏃ ᎤᎾᏅᏅᎩ ᎠᎴ ᏧᏄᎪᏙᏗᏱ ᎥᎨᎦᎵᏍᎪᎸᏓᏁᎸᎩ; ᎠᎴ ᏙᏥᎪᎥᎩ ᏧᎾᏓᏅᏙ ᏗᎨ ᏥᏍᎫᏕᏒᎯ ᎾᏍᎩ ᏥᏌ ᎠᏂᏃᎮᏍᎬ ᎤᏂᏍᏛᏛᎯ ᎠᎴ ᎧᏃᎮᏛ ᎤᏁᎳᏅᎯ ᎤᏤᎵ ᎠᏂᏃᎮᏍᎬᎢ, ᎠᎴ ᎾᏍᎩ ᎤᎾᏓᏙᎵᏍᏓᏁᎸᎯ ᏂᎨᏒᎾ ᏅᎩ-ᏗᎦᏅᏌᏗ, ᎠᎴ ᎾᏍᎩ ᏣᎦᏟᎶᏍᏔᏅᎯ, ᎠᎴ ᏗᎨᎪᏪᎳᏅᎯ ᏂᎨᏒᎾ ᏗᏂᎬᏓᎨᏂ, ᎠᎴ ᏧᏃᏰᏂ; ᎠᎴ ᎾᏍᎩ ᎦᎶᏁᏛ ᎢᏧᎳᎭ ᎠᏁᎲᎩ ᎠᎴ ᎤᏂᎬᏫᏳᎯ ᎥᎨᏒᎩ ᏌᏉ ᎢᏯᎦᏴᎵᎢᏧᏕᏘᏴᏛ.","And I saw thrones, and they sat upon them, and judgment was given unto them: and I saw the souls of them that had been beheaded for the testimony of Jesus, and for the word of God, and such as worshipped not the beast, neither his image, and received not the mark upon their forehead and upon their hand; and they lived, and reigned with Christ a thousand years."
7963,rejected,source_tag,"ᎣᏏᏳ ᎢᏳᎵᏍᏓᏁᏗ ᎠᎴ ᎾᏍᎦᏅᎾ ᎾᏍᎩ ᎾᎤᏪᎳᏗᏍᏗᏍᎩ ᎢᎬᏱᏱ ᏗᎴᎯᏐᏗ ᎨᏒᎢ; ᎾᏍᎩ ᎥᏝ ᎪᎱᏍᏗ ᏴᎬᏩᏅᎦ ᏔᎵᏁ ᎠᏲᎱᎯᏍᏗ ᎨᏒᎢ, ᎠᏥᎸᏍᎩᏂ-ᏗᏁᎶᎯ ᎨᏎᏍᏗ ᎤᏁᎳᏅᎯ ᎠᎴ ᎦᎶᏁᏛ, ᎠᎴ [ᎦᎶᏁᏛ] ᎢᏧᎳᎭ ᎤᏂᎬᏫᏳᎯ ᎨᏎᏍᏗ ᏌᏉ ᎢᏯᎦᏴᎵ ᎢᏧᏕᏘᏴᏛ.","Blessed and holy is he that hath part in the first resurrection: over these the second death hath no power; but they shall be priests of God and of Christ, and shall reign with him a thousand years."
7984,rejected,source_tag,"ᎠᏐᏴᎩᏃ ᎡᏆ ᎢᏅ ᎢᎦᏘ, ᎦᎶᎯᏍᏗᏱᏃ ᏔᎳᏚ ᏕᎪᏢᏒᎩ, ᎠᎴ ᎦᎶᎯᏍᏗᏱ ᏔᎳᏚ ᎢᏯᏂᏛ ᏗᏂᎧᎿᏩᏗᎩᎯ [ᏓᏂᏙᎬᎩ,] ᏚᎾᏙᎥᏃ ᏕᎪᏪᎸᎩ ᎦᎶᎯᏍᏗᏱ, ᎾᏍᎩ ᏔᎳᏚ ᎾᏂᎳᏍᏓᎸ ᎢᏏᎵ ᏧᏪᏥ ᏚᎾᏙᎥᎢ.","having a wall great and high; having twelve gates, and at the gates twelve angels; and names written thereon, which are the names of the twelve tribes of the children of Israel:"
7985,rejected,source_tag,"ᏅᏙ ᏗᎧᎸᎬ ᎢᏗᏢ ᏦᎢ ᎦᎶᎯᏍᏗᏱ [ᏕᎪᏢᏒᎩ,] ᏧᏴᏢᏃ ᎢᏗᏢ ᏦᎢ ᎦᎶᎯᏍᏗᏱ; ᏧᎦᎾᏮᏃ ᎢᏗᏢ ᏦᎢ ᎦᎶᎯᏍᏗᏱ; ᏭᏕᎵᎬᏃ ᎢᏗᏢ ᏦᎢ ᎦᎶᎯᏍᏗᏱ.",on the east were three gates; and on the north three gates; and on the south three gates; and on the west three gates.
7986,rejected,source_tag,"ᎠᏐᏴᏃ ᎦᏚᎲ ᏔᎳᏚ ᏕᎦᎫᏍᏓᎥᎩ, ᏕᎦᎫᏍᏓᎥᏃ ᏔᎳᏚ ᏚᎾᏙᎥᎢ [ᏕᎪᏪᎸᎩ,] ᎾᏍᎩ ᏔᎳᏚ ᎢᏯᏂᏛ ᎤᏃᏕᎾ ᎠᎩᎾ ᏧᏅᏏᏛ ᏚᎾᏙᎥᎢ.","And the wall of the city had twelve foundations, and on them twelve names of the twelve apostles of the Lamb."
7999,rejected,source_tag,"ᎠᎴ ᎥᏝ ᎠᏎᎾᎿ ᎤᏴᏍᏗ ᏱᎨᏎᏍᏗ ᎪᎱᏍᏗ ᎦᏓᎭ, ᎠᎴ ᎤᏂᏆᏘᏍᏗ ᏧᎸᏫᏍᏓᏁᎯ, ᎠᎴ ᎦᏰᎪᎩ; ᎤᏅᏒᏍᎩᏂ [ᎤᏂᏴᏍᏗ ᎨᏎᏍᏗ ᏚᎾᏙᎥ] ᏗᎪᏪᎵ ᎬᏂᏛ ᎠᏓᏁᎯ ᎪᏪᎵᎯ ᎤᏃᏕᎾᎠᎩᎾ ᎤᏤᎵᎦ.","and there shall in no wise enter into it anything unclean, or he that maketh an abomination and a lie: but only they that are written in the Lamb’s book of life."
8044,rejected,too_long,"“ᎾᏍᎩᏃ ᎢᏳᏍᏗ ᎯᎠ ᏣᏓᏁᎵ, ᎾᏍᎩ ᎢᏤᎢ, ᎾᏍᎩ ᎠᏞᏅᏓᏗᏍᎬᎢ ᎧᏃᎮᏗ ᏣᎳᎩ ᎧᏃᎮᏢᏅᎢ, ᎧᏃᎮᏢᏅᎢ ᎾᏍᎩ ᏏᏉᏯ ᎤᎴᏂᏙᎸᎢ, ᎾᏍᎩ ᏚᏬᏢᏅ ᏣᎳᎩ ᎦᏬᏂᎯᏍᏗ ᏗᎪᎵᏱᏙᏗ, ᎾᏍᎩ ᏚᏬᏢᏁ ᎠᎴᏂᏙᎲ ᎠᎴ ᏫᎧᏁᏉᏓ ᎯᎠ ᎤᏁᎳᏛᎢ ᎠᎴᎦᏲᏟᎾᏍᎩᎧᏃᎮᏢᏣᎳᎩᎠᏰᎵᎪᎯᎢᎦᎠᎴ ᎾᏍᏊ ᎡᏘ ᏣᏁᏢᎢ ᎠᎭᏂ,” ᎠᏗᏍᎬᎢ.","“So this cabin, with the refresh, had the opportunity to tell the Cherokee story, the story of Sequoyah, the development of the Cherokee language, artifacts from his life in addition to the cabin and then a little bit about Cherokee Nation today and the old settlers that inhabited the area,” he said."
8076,rejected,too_short,ᎤᏔᏂᏓ ᎢᎾᏓ,The Beast
8128,rejected,low_cherokee_left,"“ᎪᎱᏍᏗ ᏥᏩᏔ ᎤᏪᏯ ᎾᎥ,” ᎤᏛᏁ ᏙᏯ., I found something near the river",said Beaver.
8130,rejected,low_cherokee_left,"ᏂᎯ ᎡᎵᏊ ᏱᏣᎾᏔ Ꮩ ᎤᏍᏗ ᎨᏒ.”, You might, by chance, know what it is."" “ᎭᏩ, ” ᎤᏛᏁ ᏥᏍᏚ, “ᎢᏕᎾ.”"", Alright","said rabbit, let's go."""""
8158,rejected,low_cherokee_left,"“ᎯᏓ ᎾᏅᏛᏁᎰ,” ᎤᏛᏁ., This is what they do",he said.
8200,rejected,duplicate_exact,“ᎭᎳᏑᏢᎩ! ᎭᎳᏑᏢᎩ!” ᎤᏃᏎᎴ ᏩᎭᏯ.,"Put it on! Put it on!"" they told Wolf."""
8201,rejected,duplicate_exact,"“ᎭᏩ,” ᎤᏛᏁ ᏩᎭᏯ., Okay",said Wolf.
8216,rejected,too_short,ᏕᏧᎬ?,Trees?
8217,rejected,too_short,ᏥᏍᏆ?,Birds?
8218,rejected,too_short,ᎠᏂᏥᎸᏍᎩ?,Flowers?
8267,rejected,too_short,ᎠᏓᎴᏴᏗᏍᎩ.,Millipede
8268,rejected,too_short,ᎠᏓᎨᏳᎲᏍᎩ.,Sow bugs
8270,rejected,too_short,ᎤᏆᏙᏓ.,Fungus
8271,rejected,too_short,ᎤᏥᏯ.,Earthworm
8399,rejected,too_long,"ᏏᏲ ᎤᏍᏗ ᎠᏣᏗ."" ᎤᏛᏁ ᎠᏤᎯ ᎠᏣᏗ, ᏗᎦᏌᏆᎸ ᏚᏁᎦᎸ ᏗᎬᏗ, ᎠᏯ ᏓᎶᎨ ᎬᏉᏎᎰ ᎠᏂᏣᎳᎩ. ᏅᏲ ᏥᏓᎣ ᏃᎴ ᏕᏥᏅᎦᎵᏍᎪ."", ""Hello Littlefish. replied the new fish through rounded lips, I am called Hogsucker by the Cherokee people. I cling to rocks and clean them."" ""ᎦᎵᎡᎵᎩ ᏥᏕᎾᏦᎯ, ᏓᎶᎨ, ᎠᏎᏃ ᏰᎵ ᎪᎯᏓ ᎦᏓᏬᏍᎬ Ꮟ ᎤᏓᏅᎯᏓ ᎠᏇᏅᏍᏗ. ᏕᎾᏓᎪᎲᏳ ᏓᎶᎨ."", ""It is very nice to meet you, Hogsucker, but I have been swimming for a long time and still have a long way to go. I must swim on. Goodbye, Hogsucker."" ᏰᎵ ᏧᏙᏓᏆᏓ ᏃᎴ ᏧᏒᎯᏓ ᏧᎶᏐᏅ ᏰᎵ ᎢᏯᏂ ᎠᏂᏤ ᏧᎵᎢ ᏚᎾᏦᏎᎢ ᎠᏂᎩᏍᎬ.""",Many days and nights passed as Littlefish met new friends on his journey.
8410,rejected,low_cherokee_left,"ᎠᏂᏲᏟᎨ ᎠᎹᏱ ᎠᏍᏛᎢ ᎠᎾᏓᏬ, ᎥᏣ ᎾᎥᏂ, ᎥᏣ ᎭᏫᏂ, ᏃᎴ Ꮳ ᎦᏚᎢᏣ."""", See how the smaller ones swim along the side, not too close, not too deep","and not too high."""""
8468,rejected,duplicate_exact,"ᏂᎯᎾᎲ!""""","Look at you!"""""
8478,rejected,duplicate_exact,"ᏂᎯᎾᎲ!""""","Look at you!"""""
8480,rejected,duplicate_exact,"ᏦᏚᎯ!""""","You are beautiful!"""""
8523,rejected,low_cherokee_left,"“Ꭵ, ᎤᏙᏳᎯ,” ᎤᏛᏁ, Yes, you are right",he said
8527,rejected,low_cherokee_left,"“ᎤᏟᏂᎩᏓ ᎠᏓᏯ ᏧᎬ ᏓᏥᏯᏛᏛᏂ ᎨᎵᎠ ᏳᏣᏅᏓ,” ᎤᏛᏁ, I'll ask that big strong oak tree, I'm sure he'll have some room",he said.
8547,rejected,too_short,ᎠᏍᏆᏓ,The end
8655,rejected,too_short|low_cherokee_left|english_left,English,Cherokee
8658,rejected,duplicate_exact,ᎠᎵᏍᏓᏴᏗ ᎠᏲᎯᏍᏗ ᏲᏚᎵᎠ.,"If you want to bring a side dish or a dessert, feel free to bring it."
8659,rejected,digit_heavy,ᎤᎪᏕᏍᏗ ᏣᏚᎵᎮᏍᏗ ᏣᏕᎳᏲᎯᏍᏗ ᎯᎢᎾ ᏫᎨᎯᏯᏛᏗ ᏣᎳᎩ ᎦᏬᏂᎯᏍᏗ ᎤᎾᏙᏢᏒ 918-453-5151; John Ross 918-453-6170; or Roy Boney Jr. 918-453-5487.,"For further information about the event, please contact the Language Program at 918-453-5151; John Ross at 918-453-6170; or Roy Boney Jr. at 918-453-5487."
8660,rejected,duplicate_exact,ᎠᎵᏍᏓᏴᏗ ᎠᏲᎯᏍᏗ ᏲᏚᎵᎠ.,"If you want to bring a side dish or a dessert, feel free to bring it."
8661,rejected,digit_heavy,ᎤᎪᏕᏍᏗ ᏣᏚᎵᎮᏍᏗ ᏣᏕᎳᏲᎯᏍᏗ ᎯᎢᎾ ᏫᎨᎯᏯᏛᏗ: ᏣᎳᎩ ᎦᏬᏂᎯᏍᏗ ᎤᎾᏙᏢᏒ 918-453-5151; John Ross 918-453-6170; or Roy Boney Jr. 918-453-5487.,"For further information about the event, please contact: the Language Program at 918-453-5151; John Ross at 918-453-6170; or Roy Boney Jr. 918-453-5487."
8662,rejected,duplicate_exact,ᎠᎵᏍᏓᏴᏗ ᎠᏲᎯᏍᏗ ᏲᏚᎵᎠ.,"If you want to bring a side dish or a dessert, feel free to bring it."
8663,rejected,digit_heavy,"ᎤᎪᏕᏍᏗ ᏣᏚᎵᎮᏍᏗ ᏣᏕᎳᏲᎯᏍᏗ ᎯᎢᎾ ᏫᎨᎯᏯᏛᏗ: ᏣᎳᎩ ᎦᏬᏂᎯᏍᏗ ᎤᎾᏙᏢᏒ (918) 453-5151; John Ross (918) 453-6170; or Roy Boney, Jr. (918) 453-5487.","For further information about the event, please contact: the Language Program at (918) 453-5151; John Ross at (918) 453-6170; or Roy Boney, Jr. (918) 453-5487."
8664,rejected,low_cherokee_left|english_left|identical_sides,CN re-opens Sequoyah’s Cabin Museum,CN re-opens Sequoyah’s Cabin Museum
8665,rejected,duplicate_exact,ᎯᎠ ᏓᏂᎳᏫᎬᎢ ᎤᎾᎵᏍᎪᎸᏔᏅ ᎠᎾᏓᏩᏛᎯᏙ ᎤᏂᎪᎵᏰᎢᏓᏍᏗ ᎯᎠ ᎤᏙᏢᏒ ᎤᏃᏢᎯᏌᏅᎢ.,The ceremony allowed visitors to look at the site’s improvements.
8666,rejected,duplicate_exact,“ᎾᏍᎩ ᎤᏔᎾ ᎤᏙᏢ ᎭᏫᎾᏓᏢ ᎾᎿ ᎢᎬᏩᎾᏛᏗ ᏗᏂᏲᏟ.,“There’s a great area inside that has hands-on activities for kids.
8667,rejected,duplicate_exact,“ᎾᏍᎩ ᏱᎪᎩᎪᎯ ᎠᎭᏂ ᎣᎦᏚᎵᏍᎪ ᏦᏥᏃᎯᏎᏗ ᏚᏳᎪᏛ ᎧᏃᎮᏢᏅᎢ.,“When they see us here we want to give them the right information.
8669,rejected,duplicate_exact,Adair ᎠᏗᏍᎬᎢ ᎯᎠ ᎠᏓᏁᎸ ᎾᏍᎩ ᎬᏂᎨᏒ ᏂᎬᏁ ᏄᏍᏛ ᎤᎶᏒᎢ.,Adair said the cabin itself is what standouts to him.
8671,rejected,duplicate_exact,"“ᎢᎦ ᏥᏍᏆᏂᎪᏍᎪ ᎾᏍᎩ ᎢᎦ (ᏏᏉᏯ) ᎢᎬᏩᏛᏗ ᎨᏒᎢ, ᎾᏍᎩ ᏴᏫ ᎢᎬᏩᏛᏗ ᎨᏒᎢ.","“It just amazes me about what he (Sequoyah) could do, what the human body could do."
8672,rejected,duplicate_exact,ᎠᎩᎸᏉᏓ ᎾᎿ ᎠᏓᏁᎸᎢ ᎾᏍᎩ ᎦᎷᏯᏍᏗ ᏕᎦᎷᏯᏍᏔᏅ ᏚᏙᏪᎳ ᎠᎴ ᏧᏓᎴᏅᏓ ᎾᏍᎩ ᎢᏳᏍᏗ ᏄᏍᏗᏓᏂ.”,So I like the cabin just looking at all the axe marks and stuff like that that’s inside there.”
8673,rejected,duplicate_exact,"ᏏᏉᏯ, ᎾᏍᎩ ᎾᏍᏊ ᎠᎦᏅᏛ George Guess or George Gist, ᎾᏍᎩ ᎤᏕᏅ ᏔᎾᏏ ᏍᎦᏚᎩ ᎾᎿ 1778 ᎤᏕᏘᏴᏌᏗᏒᎢ.","Sequoyah, also known as George Guess or George Gist, was born in Tennessee around 1778."
8674,rejected,duplicate_exact,ᏏᏉᏯ ᎤᏁᏍᎨᎲᎢ ᎤᏁᎳᏗᏍᏗᎢ ᎾᎿ 1829.,Sequoyah constructed the cabin in 1829.
8675,rejected,duplicate_exact,ᎯᎠ ᎤᏪᏅᏏ ᎠᏠᏯᏍᏗ ᏌᏊ ᎧᏅᏑᎵ ᎤᏓᏁᎳ ᎠᎴ ᎾᎠᏂᎨ 200 ᎢᏳᏟᎶᏓ.,The homestead includes a one-room cabin and nearly 200 acres.
8676,rejected,duplicate_exact,ᎾᏍᎩᏃ ᎨᏥᏁᎴ ᎾᎿ National Historic Landmark ᎾᎿ ᏐᏁᎳᏚ ᎢᏍᎪᎯᏧᏈ ᏑᏓᎵᏍᎪᏑᏓᎵ ᎤᏕᏘᏴᏌᏗᏒᎢ ᎠᎴ National Literary Landmark ᎾᏍᎩ ᏔᎵ ᏯᎦᏴᎵ ᏑᎵ ᎤᏕᏘᏴᏌᏗᏒᎢ ᎠᎴ ᏕᎨᎦᏓᏂᎸᎪ ᎾᎿ ᎤᎪᏛ ᏔᎳᏚ ᏯᎦᏴᎵ ᎠᎾᏓᏩᏗᎯᏙ ᏑᏕᏘᏴᏓ ᎨᏒᎢ.,"It was designated as a National Historic Landmark in 1966 and a National Literary Landmark in 2006 and it welcomes more than 12,000 visitors yearly."
8677,rejected,duplicate_exact,"ᎾᎿ OHS ᎤᎾᏤᎵ ᏄᏅᏁᎸ ᏏᏉᏯ ᎤᏪᏅᏒ ᎾᎿ ᏐᏁᎳᏚ ᎢᏍᎯᏧᏈ ᏦᏍᎪᏅᎩ ᎤᏕᏘᏴᏌᏗᏒᎢ, ᎠᏎᏃ ᎾᎿ ᏔᎵᏯᎦᏴᎵ ᏓᎳᏚ ᎤᏕᏘᏴᏌᏗᏒ ᎾᎿ ᏍᎦᏚᎩ Ꮭ ᎡᎵ ᎬᏩᎾᎦᏎᏍᏙᏗ ᏱᎨᏎ ᎾᏍᎩᏃ ᎠᏕᎳ ᏕᎨᏥᏁᎲ ᎨᏥᎦᎵᏎᎸ.","The OHS acquired Sequoyah’s cabin in 1934, but in 2016 the state was no longer able to maintain the facility due to budget cuts."
8678,rejected,duplicate_exact,"ᎾᏍᎩᏃ ᎧᏃᎮᏢ ᎾᏍᏊ ᎪᏪᎸ ᎾᏍᎩ ᏣᎳᎩ ᎠᏰᎵ ᏧᏂᎸᏫᏍᏓᏁᎯ ᎾᏍᏊ ᎤᏚᎩ ᎨᎬᎾᏁᎲ ᎾᎿ 300,000 ᎣᏍᏓ ᎢᏳᏅᏔᏂᏓᏍᏗ ᎾᏍᎩ ᏧᏂᎸᏫᏍᏓᏁᎯ ᎠᎴ ᎣᏍᏓ ᎢᎬᏁᎵᏓᏍᏙᏗ.","The story also states that CN officials were expected to give $300,000 in in-kind improvement to the facility for staffing and maintenance."
8679,rejected,duplicate_exact,"ᎾᏍᎩᏃ ᏕᎭᎷᏱ 29, ᎤᎬᏫᏳᎯ Bill John Baker ᎠᏗᏍᎬ ᏂᎦᎵᏍᏗᏊ ᎢᏴ ᏯᏝᏅᏓᏗ ᎠᏂᎳᏍᏓᏢ ᎤᏂᏩᎯᏍᏗ ᎾᏍᎩᎾ ᎢᏳᏍᏗᏍᏓᏂ ᎤᏛᎾ ᏏᏉᏯ ᎤᏁᎳᏛ ᎢᎩᎭ ᎢᎩᏩᎯᏍᏗᎢ.","On June 29, Principal Chief Bill John Baker said anytime the tribe has an opportunity to purchase a site such as Sequoyah’s cabin it needs to be taken."
8680,rejected,duplicate_exact,"ᎾᏍᎩᏃ ᏄᏍᏗ ᎤᏓᎴᏅᎯ ᎠᎴ ᎾᏍᎩ ᏄᏍᏕᏍᏗ ᏂᎦᏯᎢᏎᏍᏗ ᎾᏍᎩ ᏄᏍᏕᏍᏗ,” ᎠᏗᏍᎬᎢ.","That’s what it had begun and that’s what we’re here to continue,” he said."
8681,rejected,duplicate_exact,ᏏᏉᏯ ᎤᏁᎳᏛ ᎤᏪᏘ ᎠᏍᏆᏂᎪᏔᏅᎲᏍᏗᎢ ᎠᏍᏚᎢᏎᏍᏗ ᏍᎪᎯ ᏌᎾᎴ. ᎾᎿ ᏅᎩ ᏒᎯᏰᏯ ᎢᎪᎯᏓ. ᏔᎵᏁᎢᎦ ᎠᎴᏂᏍᎩ ᎾᎿ ᏙᏓᏈᏕᎾ ᎢᎪᎯᏓ.,Sequoyah’s Cabin Museum is open from 10 a.m. to 4 p.m. Tuesday through Saturday.
8682,rejected,low_cherokee_left|english_left|identical_sides,Team Josiah fundraises for diabetes awareness,Team Josiah fundraises for diabetes awareness
8737,rejected,low_cherokee_left|english_left|identical_sides,Editor’s Note: Reporter Brittney Bennett is a 2011 Gates Millennium Scholarship recipient.,Editor’s note: Reporter Brittney Bennett is a 2011 Gates Millennium Scholarship recipient.
8738,rejected,low_cherokee_left|english_left|identical_sides,CNF scholarship applications open Nov. 1,CNF scholarship applications open Nov. 1
8819,rejected,low_cherokee_left|english_left|identical_sides,Eating healthy on a budget,Eating healthy on a budget
8851,rejected,low_cherokee_left|english_left|identical_sides,‘Mankiller’ premieres June 19 at LA Film Festival,‘Mankiller’ premieres June 19 at LA Film Festival
8861,rejected,low_cherokee_left,"Red-Horse Mohl ᎠᏗᏍᎬ ᏚᏂᎸᏫᏍᏓᏁᎮ ᎾᏍᎩ producer Gale Anne Hurd, ᎾᏍᎩ Valhalla Entertainment, ᎾᏍᎩ ᎠᎦᏅᏛᎢ “First Lady of Sc-Fi” ᎠᎴ ᎤᏪᎧᎲ ᏗᎪᏢᏍᎩ ᏗᏓᏴᎳᏙᏗ ᏯᏛᎾ “The Terminator,” “Aliens” ᎠᎴ ᎾᏍᎩ ᏄᎬᏫᏳᏒ ᏗᎪᏢᏍᎦ “The Walking Dead.”","Red-Horse Mohl said she is working with fellow producer Gale Anne Hurd, of Valhalla Entertainment, who is known as the “First Lady of Sci-Fi” and has produced films such as “The Terminator,” “Aliens” and is an executive producer on “The Walking Dead.”"
8873,rejected,low_cherokee_left|english_left|identical_sides,NSU to host 2017 Inter-Tribal Language Summit,NSU to host 2017 Inter-Tribal Language Summit
8876,rejected,too_long,"ᎾᏍᎩᏃ ᏓᎾᏠᏍᎬᎢ ᏕᎦᏃᏣᏢᎢ ᎾᏍᎩ ᎢᎨᏎᏍᏗ “ᎠᏲᏍᏗᏍᎬᎢ ᎠᎾᏕᎰᏍᎬᎢ” ᎠᎴ ᏂᎦᎵᏍᏔᏅᏍᎬᎢ ᎠᎾᎦᏎᏍᏗᏍᎨᏍᏗ ᎾᏍᎩᏃ ᎠᎾᏓᎵᏁᎯᏗᏍᎬᎢ ᎾᏍᎩ ᎠᎾᏕᎰᏍᎬᎢ ᎾᏍᎩ ᏥᎩ ᎢᎬᏱᏗᏢ ᏥᏂᎦᎵᏍᏗᏍᎪᎢ ᎾᏍᎩ ᎤᎾᏕᎶᏆᏍᏗᎢ ᎤᏂᏬᏂᎯᏍᏗᎢ ᎥᎿᎾᏂ ᏓᏂᏍᏓᏢᎢ ᏍᎦᏚᎩ ᏚᏙᏢᏩᏗᏒᎢ, ᎠᏓᏁᏄᎸᏗ ᎤᏙᏢᏅᏗᎢ ᎣᏍᏓ ᏧᎾᏟᏃᎮᏗᎢ ᎠᏟᏅᏓᏗᎠ ᎧᏁᎢᏍᏗ ᎤᎾᏕᎶᏆᏍᏗᎢ Ꮎ ᎠᎾᏕᎶᏆᏍᎩ ᎠᎴ ᎠᏂᎦᏛᎴᏏᏙᎲᎢ ᎠᎾᏓᏁᏟᏴᏍᎬᎢ ᎠᏂᏏᏴᏫᎭ ᎨᏒᎢ ᏂᏗᎦᎵᏍᏙᏗᎭ ᏩᏥᏂ ᏗᏍᏓᏩᏛᏍᏗ ᎾᏍᎩ ᎤᏂᏐᎭᎾᎳᏛᎢ ᏅᏁᎯᏴᎢ ᏗᎦᏬᏂᎯᏍᏗᎢ.","The summit’s theme is “Breaking the Inhibitions” and topics will focus on overcoming inhibitions that stand in the way of successful language learning among tribal communities, challenges of creating adequate social spaces for language learners and dealing with generational trauma caused by government policies that suppressed Indigenous languages."
8894,rejected,low_cherokee_left|english_left|identical_sides,Local schools create Valentines for veterans,Local schools create Valentines for veterans
8916,rejected,low_cherokee_left|english_left|identical_sides,Corntassel focuses on Indigenous ‘resurgence’ movements,Corntassel focuses on Indigenous ‘resurgence’ movements
8922,rejected,too_long,"“ᎠᏁᎯᏯ ᏓᎾᎴᏂᏏᏍᎬ ᎾᏍᎩ ᏙᎯᏳ ᎠᏂᎸᏉᏗᏍᎪ ᎠᎴ ᎣᏍᏓ ᏄᏅᎾᏕᎪ ᎯᎠ ᏚᎾᏓᏂᏴᏛ ᎾᎿ ᎦᏙᎢ ᏄᏍᏛ ᏯᏛᏁᎵᏓᏍᏗ ᎨᏒ ᎠᎴ ᏍᎦᏚᎩ ᎾᎿ ᎠᏓᏅᏖᏗ ᏧᏓᎴᏅᏓ ᏗᎦᎶᎯᏍᏗ ᎨᏒ ᎾᎿ ᎭᏫᏂ ᎤᏂᎦᏙᎲᏒ, ᎾᏍᎩ ᎢᎸᏍᎩ ᎢᏳᏓᎴ ᏯᏛᏁᏗ ᏯᏛᎾ ᎦᏬᏂᎯᏍᏗ ᎠᎴ ᎧᏃᎮᏢᏗ ᏱᎩ, ᎠᎴᏱᎩ ᏗᎧᏃᎮᏢᏅ ᏱᎩ, ᎠᎴᏱᎩ ᏗᎧᏃᎩᏓ ᎠᏂᎳᏫᎬ ᏱᎩ, ᎠᏗᏍᎬᎢ.","“Indigenous resurgence really is about honoring and nurturing those relationships we have with land culture and community and to think about different ways to honor those deep-seeded, those complex relationships whether it’s through speaking the language, whether it’s through telling the stories related to that place, whether it’s through the songs we sing or engaging in ceremony,” he said."
8923,rejected,too_long,"Corntassel, ᏗᏎᎮᎵᏙᎯ ᎾᏍᎩ ᎠᏁᎯᏯ ᏗᏓᏅᏖᎮᎵᏙᎯ ᎠᎴ ᎤᎾᎵᎪᎯ ᏗᏓᏘᏂᏙᎯ ᎾᎿ University of Victoria in British Columbia, ᎠᏗᏍᎬ ᎾᎿ ᎠᏂᎯᏯ ᎠᏂᏴᏫ ᎾᎿ ᏚᏂᎸᏉᏔᎾ ᏓᎾᏙᎵᎬ ᎾᎿ ᎾᎥ ᏄᎾᏓᎴᏫᏒ ᏂᎦᏓ ᎤᎾᏓᏟᏌᏅ ᎾᎿ Standing Rock Sioux Tribe in North Dakota ᏧᎾᎵᏍᏕᎸᏗ ᎾᏍᎩᏯ “ᎠᎵᏍᏕᎵᏍᎩ” ᎠᎾᎴᏫᏙᏗᏍᎬ ᎾᎿ Dakota Access Pipeline ᎤᏂᎶᎯᏍᏗ ᏂᎨᏒᎾ ᎾᎥ ᎠᎹ ᎤᏅᏙᏗ ᎤᏂᏁᎲ ᎠᎴ ᎠᏂᏴᏫᏯ ᎦᏙᎢ.","Corntassel, who is the director of Indigenous Governance and an associate professor at the University of Victoria in British Columbia, said a recent way Indigenous people have honored relationships is when communities came together for the Standing Rock Sioux Tribe in North Dakota to serve as “protectors” by preventing the Dakota Access Pipeline from being routed near water sources and tribal lands."
8924,rejected,too_long,"“ᎨᎵᏍᎬ ᎤᏂᎪᏓ ᎠᏂᏴᏫ ᎠᎾᏓᏅᏖᏍᎨ ᎢᏳᎾᏛᏗ ᎾᏍᎩ Standing Rock ᎾᎥ ᏄᎾᏓᎴᏫᏒ ᎤᎾᎵᎪᏗ ᏧᎾᎵᏍᏕᎸᏗ ᎤᏂᏍᏕᎸᏗ ᎠᎹ ᎠᎴ ᎾᎿ ᎡᏍᎦ ᎢᏳᏅᏁᎯ ᏱᎧᏂᎬᎦ ᎢᏳᏛᏗ ᎯᎠ ᏄᎬᏫᏳᏌᏕᎩ ᎤᏁᏍᏗ (ᎤᎬᏫᏳᎯ Donald Trump) ᎾᎿ ᎤᏁᏨ ᎣᏏ ᎤᏛᏅ ᎾᎿ Keystone (XL pipeline) ᏏᏊ ᎠᎴ ᎾᏍᏊ North Dakota,” ᎠᏗᏍᎬᎢ.","“I think a lot of folks have been thinking about the ways in which Standing Rock communities banded together to protect the water and how there might be the threat of more actions that might be needed to do that with the executive order (by President Donald Trump) basically giving the OK to Keystone (XL pipeline) again and also to North Dakota,” he said."
8937,rejected,low_cherokee_left|english_left|identical_sides,Hannah creates competitive softball league,Hannah creates competitive softball league
8955,rejected,low_cherokee_left,ᎢᎦᏓᏃ ᎾᏍᎩ Australia ᎾᏍᎩ Finch camp.,There’s some people coming from Australia for the Finch camp.
8974,rejected,low_cherokee_left|english_left|identical_sides,"Jackson waiting for lung, heart transplants","Jackson waiting for lung, heart transplants"
9016,rejected,low_cherokee_left|english_left|identical_sides,Ice passes on loom weaving knowledge,Ice passes on loom weaving knowledge
9046,rejected,low_cherokee_left|english_left|identical_sides,Chance finds passion in creating soap,Chance finds passion in creating soap
9081,rejected,low_cherokee_left,"ᎤᎪᏛ ᎠᏕᎶᎯᏍᏗ ᏲᏚᎵ, visit www.indigenoussoap/.","For more information, visit www.indigenousoap.com"
9099,rejected,too_long,"ᏣᏥᏱ ᎡᎯ ᎾᎥ ᎢᏦᎩᎾᏓᎳ ᎠᏆᏝᏫᏍᏗᏕᎦ, ᎠᎩᏍᏗᏰᏗᎭ ᏗᎩᏲᎯᏍᏗᏱ ᎠᏆᏤᎵᎦᏯ ᎦᏓ, ᎠᎴ ᏂᏓᎩᏲᏍᎬᎾ ᏱᎩ ᏧᎧᎾᏩᏛᏍᏗ ᎤᏍᏆᏂᎪᏛ ᎠᏇᏢᏙᏗᏱ ᎧᏁᎦ, ᎠᎴ ᎿᏉ ᏕᎤᏁᎶᏗ ᎢᏳᎯ ᎾᏍᎩ ᎢᏯᏋᏁᏗᏱ.","Our neighbor, the State of Georgia, is pressing hard upon us, and urging us to relinquish our possessions for her benefit. We are told, if we do not leave the country, which we dearly love, and betake ourselves to the western wilds, the laws of the state will be extended over us, and the time, 1st of June, 1830, is appointed for us the execution of the edict."
9116,rejected,too_long,"ᎠᏗᎾ ᎥᏝ ᏦᎩᏲᎯᏎᎸᎯᏉ ᎨᏒ ᎤᏩᏒ ᏲᏣᎵᏍᎦᏍᏙᏗᎭ -- ᎤᎵᏂᎩᏗᏳᏍᎩᏂᏃᏅ ᎾᏍᎩᏉ ᎾᏍᏊᎣ ᏅᏩᏒ ᏱᎩ; ᎠᏎᏃ ᏦᎦᏤᎵ ᎤᏂᎬᏫᏳᎯ ᎠᏂᏩᏥᏂᏃ ᎤᏂᎬᏫᏳᎯ ᎤᏩᎫᏘᎶᏛ ᎧᏃᎮᏛ ᏚᎾᏠᎯᏍᏛ, ᎤᏟ ᎤᎵᏂᎩᏗᏳ ᏄᏅᏁᎸ ᎣᎦᏤᎵᎦᏯ ᎨᏒᎢ.","We would repeat, then, the right of inheritance and peaceable possession, which we claim, we have never ceded nor forfeited. In addition to that first of all rights, the right of inheritance and peaceable possession, we have the faith and pledge of the United States, repeated over and over again, in treaties made at various times."
9125,rejected,too_long,ᎠᎴ ᎾᏍᏊᎣ ᎠᏂᏩᏥᏂ ᏧᏂᎧᎾᏩᏛᏍᏗ ᎤᏂᎲ ᎤᎵᏂᎩᏗᏳᏉ ᏂᎬᏁᎭ ᎣᎦᏤᎵᎦᏯ ᎨᏒᎢ.,"In view of the strong ground upon which their rights are founded, your memorialists solemnly protest against being considered as tenants at will, or as mere occupants of the soil, without possessing the sovereignty,—We have already stated to your honorable bodies, that our forefathers were found in possession of this soil in full sovereignty, by the first European settlers; and as we have never ceded nor forfeited the occupancy of the soil and the sovereignty over it, we do solemnly protest against being forced to leave it, either by direct or indirect measures."
9127,rejected,too_long,"ᎤᏣᏘᏂᎧᏂ ᎠᏂᏱᎵᏎ ᎠᏂᏁᎬ, ᎠᎴ ᎤᎵᏁᏨ ᎠᏃᎵᎬᎢ -- ᎠᎴᎧᏂ ᎠᏴ ᎣᏥᏁᎬ ᎠᎴ ᏃᏣᏛᏁᎲ ᎤᏣᏔᏅᎯ ᎣᎩᎵᏓᏍᏗᏍᎨᎢ.","We cannot consent to abandon it, for another far inferior, and which holds out to us, no inducements. we do moreover protest against the arbitrary measures of our neighbor, the state of Georgia, in her attempt to extend her laws over us, in surveying our lands without our consent, and in direct opposition to the treaties and the intercourse law of the United States, and interfereing with our municipal regulations in such a manner as to derange the regular operation of our own laws."
9128,rejected,too_long,"ᎯᎠ ᏣᏥᏱ ᎡᎯ ᎤᎾᏙᎳᏛᏉ ᎦᏓ ᏧᏂᎭ ᎥᏝᏃ ᏰᎵ ᏧᏂᎧᎾᏩᏛᏍᏗ ᎬᏩᏃᏢᏗ ᏱᎩ ᏥᎪᎪᏎᎭ ᎤᏣᏗ ᎣᎩᏐᏅᏤᎭ ᎠᎴ ᎾᏍᏉ ᎠᏎ ᎣᎬᏬᎠᎯᏍᏗᏱ ᏦᎪᏎᎭ, ᎣᎩᏐᏅᏤᎭ -- ᎣᎩᎨᏳᎯᏳᏍᎩᏂ ᎦᏓ ᎣᎦᏤᎵᎦᏯ ᏦᎩᎭ -- ᎠᎴ ᏃᏣᏓᏅᏍᎬᎾ ᏱᎩ, ᏣᏥᏱ ᎡᎯ ᏧᎧᎾᏩᏛᏍᏗ ᎤᎲ ᎣᎫᏢᏙᏗᏱ ᏣᏂᏁᎦ, ᎾᏍᏉ ᎣᎩᏐᏅᏤᎭ -- ᎠᎴ ᎦᏓ ᎣᎦᏤᎵ ᎤᎾᏟᎶᏍᏗᏱ, ᎠᎴ ᎪᎩᏲᏍᏙᏓᏁᏗᏱ ᏄᏓᎴᏒ ᎣᎦᏤᎵᎦᏯ ᎨᏒ, ᎠᎴ ᎪᎩᏲᏍᏙᏓᏁᏗᏱ ᏄᏓᎴᏒ ᎣᎦᏤᎵᎦᏯ ᎨᏒ, ᎠᎴ ᎠᏰᎵ ᎣᎪᏢᏒ, ᎠᎴ ᏂᎦᎥ ᎡᏍᎦ ᎢᎬᏩᎵᏍᏙᏗ ᎨᏒ ᎧᏃᎮᏛ ᏓᏠᎯᏍᏛ, ᎾᏍᏉ ᎤᏣᏘ ᎣᎩᏐᏅᏤᎭ.","To deliver and protect them from all these and every encroachment upon their rights, the undersigned memorialists do most earnestly pray your honorable bodies."
9391,rejected,too_short|low_cherokee_left|low_english_right|identical_sides,-----,-----
9914,rejected,duplicate_exact,ᏗᎦᏘᏗ ᏩᎩᏝ ᎦᏚ.,I have bread in the oven.
10614,rejected,too_short,ᎤᏟ ᏫᎶᎯ.,Go away.
10695,rejected,duplicate_exact,ᏙᎯᏳ ᎤᏴᏜ ᏙᏱ.,It's really cold outside.
10911,rejected,duplicate_exact,"ᎤᏙᎯᏳ ᎤᎦᎾᏩ ᏂᎦᎵᏍᏓ ᎪᎯ ᎢᎦ, ᏙᎧ?","It sure got warm today, didn't it?"
10913,rejected,source_tag,ᏥᏌ ᎤᏁᏨᎩ; ᎾᏍᎩ ᎨᏎᏍᏗ ᎠᎬᎭᎸᏛ ᏥᏁᎸᎭ ᎾᏍᎩ ᎠᏊᏅᎯ ᎨᏎᏍᏗ. ᎤᏭᏅᏃ ᎠᎬᎭᎸᏛ ᎤᏁᎸᎩ ᏧᏓᏏ ᎢᏍᎦᎳᏗ ᏌᏩᏂ ᎤᏪᏥ.,"Jesus answereth, ‘That one it is to whom I, having dipped the morsel, shall give it;’ and having dipped the morsel, he giveth [it] to Judas of Simon, Iscariot."
10917,rejected,source_tag,"ᏱᎰᏩᏃ ᎯᎠ ᏄᏪᏎᎴ ᎨᏂ, ᎭᏢ ᎡᏣᏅᏟ ᎡᏈᎵ? ᎯᎠᏃ ᏄᏪᏎᎢ, Ꮭ ᏱᏥᎦᏔᎭ: ᏥᎪ ᎠᏴ ᎥᎩᏅᏟ ᏥᎦᏘᏯ?","And Jehovah saith unto Cain, 'Where [is] Abel thy brother?' and he saith, 'I have not known; my brother's keeper -- I?'"
10923,rejected,duplicate_exact,… ᏃᏊᎴ ᎤᎦᎵᏍᎬ ᎠᎧᏲᏗᏍᎪᎢ ᎠᎹ.,… and then when it is shined on by the sun the water is dried by the sun.
10948,rejected,low_cherokee_left|english_left|source_tag,"ᏚᎵᎬᎩᏎᎢ ᏅᏱ ᎤᏅᏮᎢ. King, D. (1975). <i>Spear Finger; pp 122 & 137</i> [Doctoral Dissertation, University of Georgia]",They ripped the rock armor
10968,rejected,source_tag,"ᎢᏳᏃ ᎩᎶ ᏚᎸᏫᏍᏓᏁᎸ ᏱᏁᎬᏩᏍᏗᏉ ᎾᎿ ᎤᏁᏍᎨᎲᎢ, ᎾᏍᎩ ᎠᎦᎫᏴᎡᏗ ᎨᏎᏍᏗ.","if of any one the work doth remain that he built on [it], a wage he shall receive;"
10971,rejected,source_tag,ᏗᏕᏲᎲᏍᎩ ᎧᎵᏎᏥ ᏚᏩᏎᎢ ᏧᏂᏍᏗᎩᏍᏗ. $1.25 ᏚᏈᏴᎮᎢ. ᏅᎩ ᏚᏩᏎᎢ. ᎲᎦ ᎢᎦ ᏚᏈᏴᎮᎢ ᏂᎦᏓ? [ᏣᎳᎩ ᏅᎩᏁ ᏗᏂᏂᏙᎯ ᏗᏕᏲᏙᏗ],The teacher bought candy for eating. He paid $1.25. He bought four. How much did he pay for all of them?
10972,rejected,source_tag,"… ᏇᎵᏲ ᎠᏴ, ᎠᎴ ᏂᎯ ᏂᏣᏁᏨᎾ ᎥᏝ ᎩᎶ ᎤᏌᎳᏙᏗ ᏱᎨᏎᏍᏗ ᎤᏬᏰᏂ ᎠᎴ ᎤᎳᏏᏕᏂ ᏂᎬᎾᏛ ᎢᏥᏈᏱ.","… 'I [am] Pharaoh, and without thee a man doth not lift up his hand and his foot in all the land of Egypt;'"
10982,rejected,source_tag,… ᎠᎴ ᎡᏍᎦ ᎡᏅᎦ ᏦᏰᏂ ᏥᏍᏆᎨᏂ ᏩᏐᎾᏓ …,"… and bring thy hand, and put [it] to my side …"
10995,rejected,source_tag,… ᎤᎵᏏᎩᏃ ᎤᏭᏝᎡ ᎠᏍᏛᎩ …,… and darkness [is] on the face of the deep …
11021,rejected,duplicate_exact,"ᎤᏙᎯᏳᎯᏯ, ᎤᏛᏅ ᏧᏁᎶᏗ, ᎥᏝ ᏱᏥᎦᏔᎭ.","Truly, said Christian, I do not know."
11024,rejected,source_tag,"… ᏞᏍᏗᏉ ᎩᎾᏘᏲᎸᎩ ᎠᏴ, ᎠᎴ ᎦᎾᏝᎢ ᏗᎨᎩᏂᎦᏘᏕᎯ ᏞᏍᏗ ᎤᎾᏘᏲᎸᎩ; ᏗᎾᏓᏅᏟᏉᏰᏃ.","… 'Let there not, I pray thee, be strife between me and thee, and between my shepherds and thy shepherds, for we [are] men -- brethren."
11025,rejected,source_tag,"… ᎠᎴ ᎯᎠ ᏄᏪᏎᎢ, ᎭᏙᎴᎰᎯ, ᎦᎪ ᏧᏤᎵᎦ ᎯᎠ, ᎠᎵᏰᏑᏍᏚᏬ ᎠᏐᎥᏍᏙᏗ, ᎠᎴ ᎪᎸᏌᏛᏗ, ᎠᎴ ᎠᏙᎳᏅᏍᏗ.","… and she saith, 'Discern, I pray thee, whose [are] these -- the seal, and the ribbons, and the staff.'"
11053,rejected,source_tag,"… ᎠᎴ ᎡᎶᎯ ᏭᏗᏅᏒᎩ; ᏚᏃᏴᎳᏒᎩᏃ, ᎠᎴ ᎤᏴᏓᏆᎶᎥᎩ, ᎠᎴ ᎠᎾᎦᎵᏍᎬᎩ, ᎠᎴ ᎡᎶᎯ ᎤᎵᏖᎸᏅᎩ.","… and did cast [it] to the earth, and there came voices, and thunders, and lightnings, and an earthquake."
11080,rejected,source_tag,"… ᎠᎴ ᎾᏍᏉ ᏣᎬᏫᏳᎯ ᏕᏣᎧᎭ ᎦᎾᏝᎢ ᏦᎩᎾᏢᏅᎯ; ᎥᏝ ᎿᏉ ᎪᎱᏍᏗ ᏲᎦᏘᏰᎭ ᎯᎦᏔᎲ ᏣᎬᏫᏳᎯ, ᏦᏥᏰᎸ ᎠᎴ ᎦᏓ ᏙᎩᎲ ᎤᏩᏒ.","… and possession of the cattle [is] unto my lord, there hath not been left before my lord save our bodies, and our ground;"
11081,rejected,source_tag,"ᎠᎵ ᏣᎸᎯ ᏣᎧᏛᎢ ᎦᏚ ᎯᎩᏍᎨᏍᏗ ᎬᏂ ᎦᏙᎯ ᏫᎯᎷᏥᏌᏅᎭ, ᎾᎿᏰᏃ ᏪᏣᏯᏅᏛ; ᎦᏓᏰᏃ ᏂᎯ, ᎠᎴ ᎦᏙᎯ ᏮᏛᎯᎷᏥᏌᏂ.","by the sweat of thy face thou dost eat bread till thy return unto the ground, for out of it hast thou been taken, for dust thou [art], and unto dust thou turnest back.'"
11082,rejected,duplicate_exact,"ᏥᏌᏃ ᎤᏩᏛᎲ ᎠᎩᎾ ᏐᏈᎵ-ᏗᎦᎵᎠᏅᎯᏛ, ᎤᎩᎸᏅᎩ, ᎾᏍᎩᏯ ᎯᎠ ᏥᏂᎬᏅ ᏥᎪᏪᎳ;","and Jesus having found a young ass did sit upon it, according as it is written,"
11091,rejected,source_tag,"ᎠᎴ ᎤᎶᎩᎸ ᎤᏅᎪᎳᏖᏍᏗ; ᎠᎴ ᏕᎦᎦᏂᏍᎨᏍᏗ ᎾᏍᎩ ᎠᏆᏅᏗᏓᏍᏗᏱ ᎤᎵᏍᏆᏗᏍᏗ ᏂᎨᏒᎾ ᎧᏃᎮᏛ ᏚᎾᏠᎯᏍᏛ ᎤᏁᎳᏅᎯ ᎠᎴ ᎾᏂᎥ ᏗᏅᏃᏛ, ᎾᏍᎩ ᎤᏂᏇᏓᎵ ᏥᎩ, ᎾᏍᎩ ᎡᎶᎯ ᏣᏁᎭ.","and the bow hath been in the cloud, and I have seen it -- to remember the covenant age-during between God and every living creature among all flesh which [is] on the earth.'"
11094,rejected,source_tag,"ᎿᏉᏃ ᎯᎠ ᏂᏚᏪᏎᎴᎢ, ᎪᎯᏍᎩᏂ ᏥᎩ, ᎩᎶ ᎠᏕᎸ-ᏗᎦᎶᏗ ᎤᎾᎡᏍᏗ, ᎦᏁᎨᏍᏗ, ᎠᎴ ᎾᏍᏉ ᏕᎦᎶᏗ; ᎩᎶᏃ ᎠᏰᎳᏍᏗ ᎦᏅᎯᏛ ᏄᏩᏴᎾ ᎨᏎᏍᏗ, ᏫᎦᎾᏚᎦ ᎤᏄᏬ ᎠᎴ ᏭᏩᎯ.","Then said he to them, ‘But, now, he who is having a bag, let him take [it] up, and in like manner also a scrip; and he who is not having, let him sell his garment, and buy a sword,"
11103,rejected,source_tag,"ᎠᎴ ᎾᎯᏳ ᎢᏳᏓᎴᏅᏛ ᎤᏂᏣᏛ ᎬᏩᏍᏓᏩᏗᏙᎯ ᎤᎾᏨᏒᎩ, ᎠᎴ ᎥᏝ ᎿᏉ ᎢᎸᎯᏳ ᏳᏁᏙᎴᎢ.","From this [time] many of his disciples went away backward, and were no more walking with him,"
11124,rejected,duplicate_exact,ᎤᏍᏗᎢ ᎠᎩᏙ ᎡᎭ. ᏥᎦᏴᎵᏯ ᏏᏅ ᎠᎩᏙ ᎨᏒᎢ.,I have a baby brother. I am older than my brother.
11152,rejected,source_tag,"… ᏂᎯ ᏦᏰᏂ ᎨᏣᏍᎦᎩ ᎠᏂᎩᎵᎨᏂ ᏕᎯᏂᏴᏎᏍᏗ, ᏣᏙᏓ ᏧᏪᏥ ᎡᎳᏗ ᏂᎨᏣᏛᏁᎮᏍᏗ.","… Thy hand [is] on the neck of thine enemies, Sons of thy father bow themselves to thee."
11157,rejected,source_tag,ᎿᏉᏃ ᏆᎴᏗ ᎤᏂᏴᎲᎩ ᏥᏌ ᎠᎴ ᎤᎵᎥᏂᎸᎩ.,"Then, therefore, did Pilate take Jesus and scourge [him],"
11160,rejected,source_tag,… ᎴᎻᎩ [ᎤᎸᎯ] ᎦᎵᏆᏍᎪᎯ ᎦᎵᏉᎩ ᎢᏳᏩᎫᏗ ᎠᏎ ᎠᎦᏞᏤᏗ ᎨᏎᏍᏗ.,… And for Lamech seventy and sevenfold.'
11161,rejected,duplicate_exact,… ᏦᏩ ᎦᎵᏆᏚ ᎢᏳᏕᏘᏴᏛ ᎨᏎ ᏧᏂᎵ ᎤᎾᎵᎪᎭ ᏓᏅᎿᏗᏍᏗᏍᎨ ᎠᏫ; …,"… Joseph, a son of seventeen years, hath been enjoying himself with his brethren among the flock, …"
11186,rejected,source_tag,"ᎤᏁᎳᏅᎯᏃ ᎯᎠ ᏄᏪᏎᎢ; ᎬᏂᏳᏉ ᏂᎦᎥ ᎦᏄᎸᎯ ᎠᎦᏔᏛᏍᎩ ᎾᏍᎩ ᏂᎬᎾᏛ ᎦᏙᎯ ᏣᏛᏍᎦ, …","And God saith, 'Lo, I have given to you every herb sowing seed, which [is] upon the face of all the earth, …"
11188,rejected,source_tag,"ᎢᏏᎦ ᏗᎦᎵᎠᏅᎯᏛ ᎤᎵᏂᎩᏛ, ᏗᏴᏙᏗᏱ ᎠᏰᎵ ᎦᏅᎦ.","Issacher [is] a strong ass, Crouching between the two folds;"
11212,rejected,duplicate_exact,ᎧᎶᏇᏗ ᎬᏗ ᏄᏅᏁᎴᎢ ᎦᎭᏗ ᏃᎴ ᏍᏆᎸᏂᏍᏗ.,They made a wedge and maul from locust.
11216,rejected,source_tag,"ᎯᎠᏃ ᎾᏍᏉ ᏂᎤᏪᏎᎴᎢ, ᎢᏧᎳ ᎧᏁᏍᎦ ᎠᎴ ᎨᎶᎸᏗ ᏰᎵᏉ ᎣᎩᎭ, …","She saith also unto him, 'Both straw and provender [are] abundant with us, …"
11224,rejected,source_tag,"… ᎠᎴ ᎬᏂᏳᏉ ᎤᏔᏅ ᎩᎦᎨ ᎢᎾᏛ [ᏫᏥᎪᎥᎩ,] ᎦᎸᏉᎩ ᏓᏍᎫᏓᏛᎩ, …","… and, lo, a great red dragon, having seven heads …"
11233,rejected,source_tag,"ᎴᏆᏂᏃ ᎯᎠ ᏄᏪᏎᎴᎢ, ᎤᏙᎯᏳᎯᏯ ᏂᎯ ᎠᏴ ᏗᎩᎪᎳ ᎠᎴ ᎠᏴ ᎠᎩᏇᏓᎸᎢ …","and Laban saith to him, 'Only my bone and my flesh [art] thou;' …"
11243,rejected,duplicate_exact,ᎧᎶᏇᏗ ᎬᏗ ᏄᏅᏁᎴᎢ ᎦᎭᏗ ᏃᎴ ᏍᏆᎸᏂᏍᏗ.,They made a wedge and maul from locust.
11247,rejected,source_tag,"ᎤᏟ ᎤᏏᏳ ᎭᏫᏯ ᎠᎩᏍᏗᏱ ᏂᎨᏒᎾ, ᎠᎴ ᎩᎦᎨ-ᎠᏗᏔᏍᏗ ᎠᏗᏔᏍᏗᏱ ᏂᎨᏒᎾ, …","Right [it is] not to eat flesh, nor to drink wine, …"
11255,rejected,source_tag,"… ᎠᎴ ᏓᎩᎧᎭ ᎠᏂᏯᏫᏍᎩ ᎾᏍᎩ ᏕᎬᏆᏁᎶᏙᎢ, ᎩᎶᏃ ᎮᎾ ᏥᏲᏏ, ᎡᎪᎢ; ᏅᏩᏓᎴᏃ ᎡᎮᎾ ᏥᏲᏏ, ᏗᎡᎪᎢ; ᏥᏅᏏᏓᏍᏗᏃ, ᎯᎠ ᎿᏛᎦ ᏥᏲᏏ, ᎾᏍᎩ ᎾᏛᏁᎰᎢ.","… having under myself soldiers, and I say to this one, Go, and he goeth, and to another, Be coming, and he cometh, and to my servant, Do this, and he doth [it].’"
11261,rejected,duplicate_exact,ᎧᎶᏇᏗ ᎬᏗ ᏄᏅᏁᎴᎢ ᎦᎭᏗ ᏃᎴ ᏍᏆᎸᏂᏍᏗ.,They made a wedge and maul from locust.
11264,rejected,source_tag,… ᏅᎩ ᏕᎨᏴ ᏂᎦᎵᏍᏗᏍᎨᎢ.,… hath become four chief [rivers];
11266,rejected,duplicate_exact,“ᎢᏣᏙᎴᏆᏍᎨᏍᏗ ᏗᏓᏅᏬ ᏅᏬᏗ …,“You should be learning doctoring medicine …
11289,rejected,source_tag,"… ᎠᎴ ᎾᏍᎩ ᏄᏍᏕᏍᏗ ᏓᏕᏲᎲᏍᎨᏍᏗ, ᎦᎸᏉᏗᏳ ᎠᎪᏎᎮᏍᏗ ᎦᎸᎳᏗ ᎡᎯ ᎤᎬᏫᏳᎯ ᎨᏒᎢ.","… but whoever may do and may teach [them], he shall be called great in the reign of the heavens."
11293,rejected,source_tag,"… ᎠᏴ ᎾᏍᏉ ᎦᏍᎩᏓᏍᎬᎩ, ᎠᎴ ᎬᏂᏳᏉ ᏦᎢ ᏔᎷᏣ ᎦᏚ ᎤᏂᏁᎬ ᏗᎦᎶᏗ ᏓᏆᏃᏍᏛᎩ;","… 'I also [am] in a dream, and lo, three baskets of white bread [are] on my head,"
11305,rejected,source_tag,"ᎯᎠᏃ ᏄᎵᏍᏔᏁᎢ, ᎾᏍᎩ [ᎠᎨᏴ] ᎿᏉ ᎤᏙᎴᎰᏒ ᎤᏂᏴ ᎤᏄᏬ ᎤᏒᎦᎸᎢ, ᎠᎴ ᏙᏱ ᏮᏗᏢᏍᏔᏅᎢ,","And it cometh to pass when she seeth that he hath left his garment in her hand, and fleeth without,"
11316,rejected,duplicate_exact,"ᏗᎧᎸᎬᏃ ᎢᏗᏢ ᏗᏂᎶᏍᎨᏍᏗ, ᎠᎴ ᏭᏕᎵᎬᎢ, ᎠᎴ ᏧᏴᏢᎢ, ᎠᎴ ᏧᎦᎾᏮᎢ, …","and they shall come from east and west, and from north and south, …"
11323,rejected,duplicate_exact,"ᏗᎧᎸᎬᏃ ᎢᏗᏢ ᏗᏂᎶᏍᎨᏍᏗ, ᎠᎴ ᏭᏕᎵᎬᎢ, ᎠᎴ ᏧᏴᏢᎢ, ᎠᎴ ᏧᎦᎾᏮᎢ, …","and they shall come from east and west, and from north and south, …"
11324,rejected,source_tag,… ᏰᎵᏉ ᎤᏲ ᎢᎦ ᎤᏪᎲᎢ.,… sufficient for the day [is] the evil of it.
11330,rejected,scripture_reference,"ᎨᏥᏅᏏᏛ ᏄᎾᏛᏁᎵᏙᎸᎢ 27:12, ᏗᏔᎳᏗᏍᏗᏱᏃ ᏃᏒᎾ ᎨᏒ ᎾᎿ ᎤᎪᎳᏗᏴᏗᏱ, ᎤᏟ ᎢᏯᏂᎢ ᎤᏂᏁᏨᎩ ᎾᏍᏉ ᎾᎿ ᎤᏂᏴᏫᏛᏗᏱ","Acts 27:12 And because the haven was not commodious to winter in, the more part advised to depart thence also..."
11335,rejected,source_tag,ᎨᏥᏅᏏᏛ ᏄᎾᏛᏁᎵᏙᎸᎢ 27:28 ᎾᏍᏛᎬᏃ ᎤᎾᏟᎶᎥ ᎤᎾᏙᎴᎰᏒᎩ ᏔᎳᏍᎪᎯ ᎢᎪᎷᏅᏗ ᎨᏒᎢ,"And [they]sounded, and found it twenty fathoms"
11338,rejected,duplicate_exact,ᏧᏙᏓᏋᏓ ᎦᎶᎩᏍᎪ ᎤᏫᏒᏅᎢ.,He hoes his garden every day.
11340,rejected,source_tag,ᎾᏍᎩ ᎯᎠ ᏄᏍᏗ ᎢᏨᏁᏤᎭ ᏗᏣᏓᎨᎯᏳ ᎢᏳᎵᏍᏙᏗᏱ. [ᏣᏂ ᎤᏬᏪᎳᏅᎯ 15:17],"These things I command you, that ye love one another. [John 15:17]"
11346,rejected,scripture_reference,Revelation 21:19 ᏕᎦᎫᏍᏓᎥᏃ ᎠᏐᏴ ᎦᏚᎲᎢ ᏕᎪᏑᎢᏍᏛᎩ ᏄᏓᎴᏒ ᏗᎦᎸᏉᏗ ᏅᏯ,And the foundations of the wall of the city were garnished with all manner of precious stones.
11347,rejected,scripture_reference,"Revelation 21:19 ᎢᎬᏱᏱ ᎦᎫᏍᏓᎥ ᏣᏍᏆ ᎨᏒᎩ, ᏔᎵᏁᏃ ᏌᏆᏯ, ᏦᎢᏁᏃ ᎦᎵᏏᏙᏂ, ᏅᎩᏁᏃ ᎡᎻᎳ","The first foundation was jasper; the second, sapphire; the third, a chalcedony; the fourth, an emerald"
11348,rejected,scripture_reference,"Revelation 21:19 ᎢᎬᏱᏱ ᎦᎫᏍᏓᎥ ᏣᏍᏆ ᎨᏒᎩ, ᏔᎵᏁᏃ ᏌᏆᏯ, ᏦᎢᏁᏃ ᎦᎵᏏᏙᏂ, ᏅᎩᏁᏃ ᎡᎻᎳ","The first foundation was jasper; the second, sapphire; the third, a chalcedony; the fourth, an emerald"
11349,rejected,scripture_reference,"Revelation 21:19 ᎢᎬᏱᏱ ᎦᎫᏍᏓᎥ ᏣᏍᏆ ᎨᏒᎩ, ᏔᎵᏁᏃ ᏌᏆᏯ, ᏦᎢᏁᏃ ᎦᎵᏏᏙᏂ, ᏅᎩᏁᏃ ᎡᎻᎳ","The first foundation was jasper; the second, sapphire; the third, a chalcedony; the fourth, an emerald"
11350,rejected,scripture_reference,"Revelation 18:13 ᎠᎴ ᏏᏂᎹᏂ, ᎠᎴ ᏗᎦᏩᏒᎩ, ᎠᎴ ᎠᏠᏁᏗ, ᎠᎴ ᎠᏜ ᎤᎦᎾᏍᏛ ᎦᏩᏒᎩ","And cinnamon, and odours, and ointments, and frankincense"
11351,rejected,scripture_reference,Matthew 23:23 ᎠᏍᎪᎯᏁᏰᏃ ᎢᏣᎫᏱᏍᎪ ᏒᏟ ᎠᎴ ᎡᏒ ᎠᎴ ᎦᎻᏂ,for ye pay tithe of mint and anise and cummin
11352,rejected,scripture_reference,Matthew 23:23 ᎠᏍᎪᎯᏁᏰᏃ ᎢᏣᎫᏱᏍᎪ ᏒᏟ ᎠᎴ ᎡᏒ ᎠᎴ ᎦᎻᏂ,for ye pay tithe of mint and anise and cummin
11353,rejected,scripture_reference,Matthew 23:23 ᎠᏍᎪᎯᏁᏰᏃ ᎢᏣᎫᏱᏍᎪ ᏒᏟ ᎠᎴ ᎡᏒ ᎠᎴ ᎦᎻᏂ,for ye pay tithe of mint and anise and cummin
11354,rejected,scripture_reference,Revelation 21:19 ᎢᎬᏱᏱ ᎦᎫᏍᏓᎥ ᏣᏍᏆ ᎨᏒᎩ,The first foundation was jasper
11355,rejected,scripture_reference,"Revelation 21:19 ᎢᎬᏱᏱ ᎦᎫᏍᏓᎥ ᏣᏍᏆ ᎨᏒᎩ, ᏔᎵᏁᏃ ᏌᏆᏯ","The first foundation was jasper; the second, sapphire"
11356,rejected,scripture_reference,"Revelation 21:19 ᎢᎬᏱᏱ ᎦᎫᏍᏓᎥ ᏣᏍᏆ ᎨᏒᎩ, ᏔᎵᏁᏃ ᏌᏆᏯ, ᏦᎢᏁᏃ ᎦᎵᏏᏙᏂ, ᏅᎩᏁᏃ ᎡᎻᎳ","The first foundation was jasper; the second, sapphire; the third, a chalcedony; the fourth, an emerald"
11357,rejected,scripture_reference,"Revelation 18:13 ᎠᎴ ᏏᏂᎹᏂ, ᎠᎴ ᏗᎦᏩᏒᎩ, ᎠᎴ ᎠᏠᏁᏗ, ᎠᎴ ᎠᏜ ᎤᎦᎾᏍᏛ ᎦᏩᏒᎩ","And cinnamon, and odours, and ointments, and frankincense"
11358,rejected,scripture_reference,"Revelation 21:20 ᎯᏍᎩᏃ ᏌᏙᏂᎩ, ᏑᏓᎵᏁᏃ ᏌᏗᏱ, ᎦᎵᏉᎩᏁᏃ ᎩᏐᎳᏗ, ᏧᏁᎵᏁᏃ ᏇᎵ, ᏐᎣᏁᎵᏁᏃ ᏙᏆᏏ, ᎠᏍᎪᎯᏁᏃ ᏟᏌᏇᏌ, ᏌᏚᏏᏁᏃ ᏤᏏᏂ, ᏔᎳᏚᏏᏁᏃ ᎠᎻᏗᏏ.","The fifth, sardonyx; the sixth, sardius; the seventh, chrysolyte; the eighth, beryl; the ninth, a topaz; the tenth, a chrysoprasus; the eleventh, a jacinth; the twelfth, an amethyst."
11359,rejected,scripture_reference,"Revelation 21:20 ᎯᏍᎩᏃ ᏌᏙᏂᎩ, ᏑᏓᎵᏁᏃ ᏌᏗᏱ","The fifth, sardonyx; the sixth, sardius"
11360,rejected,scripture_reference,"Revelation 21:20 ᎯᏍᎩᏃ ᏌᏙᏂᎩ, ᏑᏓᎵᏁᏃ ᏌᏗᏱ, ᎦᎵᏉᎩᏁᏃ ᎩᏐᎳᏗ","hisgine sadonigi, sudalinehno sadiyi, galiquoginehno gisoladi"
11361,rejected,low_cherokee_left|scripture_reference,"Revelation 21:20 ᏧᏁᎵᏁᏃ ᏇᎵ,","the eighth, beryl"
11362,rejected,scripture_reference,Revelation 21:20 ᏐᎣᏁᎵᏁᏃ ᏙᏆᏏ,"the ninth, a topaz"
11363,rejected,scripture_reference,Revelation 21:20 ᎠᏍᎪᎯᏁᏃ ᏟᏌᏇᏌ,"the tenth, a chrysoprasus"
11364,rejected,low_cherokee_left|scripture_reference,Revelation 21:20 ᏌᏚᏏᏁᏃ ᏤᏏᏂ,"the eleventh, a jacinth"
11365,rejected,scripture_reference,Revelation 21:20 ᏔᎳᏚᏏᏁᏃ ᎠᎻᏗᏏ,"the twelfth, an amethyst"
11367,rejected,duplicate_exact,ᎪᎯᎩ ᏥᎨᏒ ᏦᎳ ᎠᎾᏛᎯᏍᏗᏍᎬ ᎠᏂᏣᎳᎩ.,Long ago the Cherokees raised tobacco.
11368,rejected,duplicate_exact,ᏔᎵᏦᏁ ᎬᏗ ᏥᏲᎸ ᏌᎶᎵ.,I shot a squirrel with a. 22 rifle.
11369,rejected,source_tag,ᎠᎴ ᎬᏩᏚᏫᏛ ᎾᎿ ᎦᏍᎩᎸ ᏅᎩᏦᏁ ᏕᎦᎧᎲ ᏗᏍᎩᎳᏗᏍᏗ... [ᏣᏂ ᏄᏍᏛ ᎠᏥᎾᏄᎪᏫᏎᎸᎢ 4:4],And round about the throne were four and twenty seats... [Revelation 4:4]
11370,rejected,source_tag,"ᏂᎦᎥᏉ ᏣᎳᎩᎯ ᎠᏁᎯ ᎯᏍᎩᏦᏁ (25) ᎢᏳᎾᏕᏘᏴᏛ ᎠᎴ ᎤᏓᏂᎳᎨ ᏱᎩ ᏙᏯ ᏗᏜ ᏣᎳᎩᎯ ᎠᏰᎵ... [ᏣᎳᎩᎯ ᎠᏰᎵ ᎦᎫᏍᏛᏗ, 1999]",All citizens age twenty-five (25) or older residing outside the boundaries... [CONSTITUTION OF THE CHEROKEE NATION 1999]
11371,rejected,source_tag,ᏅᎩ ᏄᏕᏘᏯ ᏑᏓᎵᏦᏁ ᏏᏅ ᏥᎨᏒ. [Beginning Cherokee],He/she (turned) four on the 26th of this month. [Beginning Cherokee]
11372,rejected,source_tag,ᏣᏂ ᎦᎵᏉᎢᏦᏁ ᎢᏳᏕᏘᏴᏓ ᎨᎵᎠ. [Beginning Cherokee],I believe John is about twenty-seven. [Beginning Cherokee]
11373,rejected,source_tag,"ᎧᎦᎵ ᏍᎩᏂ ᏓᎸᎢ ᏁᎳᏦᏁᏉ ᎢᎦ ᏚᏪᎭ, ᎬᏂ ᎠᏓᎾᏫᏗᏍᎩ ᎠᏕᏘᏴ, ᎾᏍᎩᏃ ᎾᎯᏳᎢ ᏐᏁᎳᏦᏁ ᎢᎦ ᏚᏪᎰᎢ. [Chamberlain's 1888 Cherokee Picture Book]","February which is different has just twenty-eight days, until leap year, and then it has twenty-nine days. [Chamberlain's 1888 Cherokee Picture Book]"
11374,rejected,source_tag,"ᎧᎦᎵ ᏍᎩᏂ ᏓᎸᎢ ᏁᎳᏦᏁᏉ ᎢᎦ ᏚᏪᎭ, ᎬᏂ ᎠᏓᎾᏫᏗᏍᎩ ᎠᏕᏘᏴ, ᎾᏍᎩᏃ ᎾᎯᏳᎢ ᏐᏁᎳᏦᏁ ᎢᎦ ᏚᏪᎰᎢ. [Chamberlain's 1888 Cherokee Picture Book]","February which is different has just twenty-eight days, until leap year; and then it has twenty-nine days. [Chamberlain's 1888 Cherokee Picture Book]"
11376,rejected,source_tag,1. ᏣᎳᎩ ᎧᏁᎬ ᏣᎳᎩ ᏚᏃᏴᎬᎢ. 2. ...ᎠᎴ ᏛᎾᏛᎦᏂ ᏥᏁᎬᎢ;... [ᏣᏂ 10;16],1. Cherokee Voices Cherokee Sounds 2. ...and they shall hear my voice;...[John 10:16]
11377,rejected,duplicate_exact,Ꮲ ᏍᎪᎢ ᎢᏳᏩᎦᏗ ᏂᏚᏌᏎᏅ ᎠᏎᏅ ᏚᏅᏗᏍᎢᎶᎥ ᎠᎪᏂᏍᎬᎢ.,"He fired about ten times, but he missed the target over and over."
11378,rejected,duplicate_exact,ᎤᏬᏚᏨ ᎦᏯᎱᎶ ᎤᏬᏢᏅᎢ.,He made an extremely beautiful saddle.
