line_number,status,reasons,domain,training_exclusion_reasons,repaired_cherokee,repaired_english,raw_columns
3224,accepted_after_repair,,general_parallel,named_entity_heavy,"ᎯᎠ ᏂᎬᏅ ᎪᏪᎳ ᎠᎾᏙᎴᎰᏍᎩᏱ; ᎠᎴ ᏂᎦᏛ ᎤᏁᎳᏅᎯ ᏧᏪᏲᏅᎯ ᎨᏎᏍᏗ."" ᎾᏍᎩ ᎢᏳᏍᏗ ᏂᎦᏛ ᎤᎾᏛᎦᏁᎸᎯ ᎠᎴ ᎤᎾᏕᎶᏆᎡᎸᎯ ᎠᎦᏴᎵᎨᎢ, ᎬᎩᎷᏤᎰᎢ.""","It is written in the prophets, And they shall all be taught of God. Every one that hath heard from the Father, and hath learned, cometh unto me.","ᎯᎠ ᏂᎬᏅ ᎪᏪᎳ ᎠᎾᏙᎴᎰᏍᎩᏱ; ᎠᎴ ᏂᎦᏛ ᎤᏁᎳᏅᎯ ᏧᏪᏲᏅᎯ ᎨᏎᏍᏗ."" ᎾᏍᎩ ᎢᏳᏍᏗ ᏂᎦᏛ ᎤᎾᏛᎦᏁᎸᎯ ᎠᎴ ᎤᎾᏕᎶᏆᎡᎸᎯ ᎠᎦᏴᎵᎨᎢ || ᎬᎩᎷᏤᎰᎢ."" || It is written in the prophets, And they shall all be taught of God. Every one that hath heard from the Father, and hath learned, cometh unto me."
3517,accepted_after_repair,,general_parallel,,"ᏞᏍᏗ ᏱᏍᎦᎢᎮᏍᏗ ᏂᎯ ᏌᏯᏂ ᎤᏪᏥ, ᎬᏂᏳᏉ ᎤᎬᏫᏳᎯ ᏣᏤᎵᎦ ᏓᏯᎢ, ᎠᎩᎾ ᏐᏈᎵ-ᏗᎦᎵᎠᏅᎯᏛ ᎤᏪᏥ ᎤᎩᎸᏗ.""""","Fear not, daughter of Zion: behold, thy King cometh, sitting on an ass’s colt.","ᏞᏍᏗ ᏱᏍᎦᎢᎮᏍᏗ ᏂᎯ ᏌᏯᏂ ᎤᏪᏥ || ᎬᏂᏳᏉ ᎤᎬᏫᏳᎯ ᏣᏤᎵᎦ ᏓᏯᎢ || ᎠᎩᎾ ᏐᏈᎵ-ᏗᎦᎵᎠᏅᎯᏛ ᎤᏪᏥ ᎤᎩᎸᏗ."""" || Fear not, daughter of Zion: behold, thy King cometh, sitting on an ass’s colt."
3540,accepted_after_repair,,general_parallel,named_entity_heavy,"ᎾᏍᎩᏃ ᎤᏙᎯᏳᏅᎩ ᎤᏁᏨ ᎢᏌᏯ ᎠᏙᎴᎰᏍᎩ, ᎯᎠ ᏥᏄᏪᏎᎢ; ᏣᎬᏫᏳᎰ, ᎦᎪ ᎤᏬᎯᏳᏅ ᎣᎩᏃᎮᎸᎢ? ᎠᎴ ᎦᎪ ᎠᏥᎾᏄᎪᏫᏎᎸ ᎤᎬᏫᏳᎯ ᎧᏃᎨᏂ?""""","that the word of Isaiah the prophet might be fulfilled, which he spake, Lord, who hath believed our report? And to whom hath the arm of the Lord been revealed?","ᎾᏍᎩᏃ ᎤᏙᎯᏳᏅᎩ ᎤᏁᏨ ᎢᏌᏯ ᎠᏙᎴᎰᏍᎩ, ᎯᎠ ᏥᏄᏪᏎᎢ; ᏣᎬᏫᏳᎰ || ᎦᎪ ᎤᏬᎯᏳᏅ ᎣᎩᏃᎮᎸᎢ? ᎠᎴ ᎦᎪ ᎠᏥᎾᏄᎪᏫᏎᎸ ᎤᎬᏫᏳᎯ ᎧᏃᎨᏂ?"""" || that the word of Isaiah the prophet might be fulfilled, which he spake, Lord, who hath believed our report? And to whom hath the arm of the Lord been revealed?"
3542,accepted_after_repair,,general_parallel,named_entity_heavy,"ᏚᏍᏚᏁᎸ ᏗᏂᎦᏙᎵ, ᎠᎴ ᏚᏍᏓᏱᏕᎸ ᏧᏂᎾᏫ; ᏗᎬᏩᏂᎪᏩᏛᏙᏗ ᏂᎨᏒᎾ ᏗᏂᎦᏙᎵ, ᎠᎴ ᎬᏩᏃᎵᏍᏙᏗ ᏂᎨᏒᎾ ᎤᏂᎾᏫ, ᎠᎴ ᎾᏍᎩ ᏗᎬᏩᎾᏓᏁᏟᏴᎡᏗ ᏂᎨᏒᎾ, ᎠᎴ ᏗᎦᎦᏥᏅᏬᏗ ᏂᎨᏒᎾ.""""","He hath blinded their eyes, and he hardened their heart; Lest they should see with their eyes, and perceive with their heart, And should turn, And I should heal them.","ᏚᏍᏚᏁᎸ ᏗᏂᎦᏙᎵ || ᎠᎴ ᏚᏍᏓᏱᏕᎸ ᏧᏂᎾᏫ; ᏗᎬᏩᏂᎪᏩᏛᏙᏗ ᏂᎨᏒᎾ ᏗᏂᎦᏙᎵ || ᎠᎴ ᎬᏩᏃᎵᏍᏙᏗ ᏂᎨᏒᎾ ᎤᏂᎾᏫ || ᎠᎴ ᎾᏍᎩ ᏗᎬᏩᎾᏓᏁᏟᏴᎡᏗ ᏂᎨᏒᎾ || ᎠᎴ ᏗᎦᎦᏥᏅᏬᏗ ᏂᎨᏒᎾ."""" || He hath blinded their eyes, and he hardened their heart; Lest they should see with their eyes, and perceive with their heart, And should turn, And I should heal them."
3585,accepted_after_repair,,general_parallel,named_entity_heavy,"ᏗᏥᏲᎵ, ᎠᏏ ᏞᎦ ᎢᏨᏰᎳᏗᏙᎭ; ᏍᎩᏲᎮᏍᏗ; ᎠᎴ ᎾᏍᎩᏯ ᎠᏂᏧᏏ ᏥᏂᎦᏥᏪᏎᎸᎩ, ᏫᏥᎦᏛ ᎥᏝ ᏫᏴᎨᏥᎶᎯ, ᏥᎦᏥᏲᏎᎸᎩ, ᎾᏍᎩᏯ ᎾᏍᏉ ᎿᏉ ᏂᎯ ᏂᏨᏪᏎᎭ.","Little children, yet a little while I am with you. Ye shall seek me: and as I said unto the Jews, Whither I go, ye cannot come; so now I say unto you.","ᏗᏥᏲᎵ, ᎠᏏ ᏞᎦ ᎢᏨᏰᎳᏗᏙᎭ; ᏍᎩᏲᎮᏍᏗ; ᎠᎴ ᎾᏍᎩᏯ ᎠᏂᏧᏏ ᏥᏂᎦᏥᏪᏎᎸᎩ, ᏫᏥᎦᏛ ᎥᏝ ᏫᏴᎨᏥᎶᎯ ||  ᏥᎦᏥᏲᏎᎸᎩ, ᎾᏍᎩᏯ ᎾᏍᏉ ᎿᏉ ᏂᎯ ᏂᏨᏪᏎᎭ. || Little children, yet a little while I am with you. Ye shall seek me: and as I said unto the Jews, Whither I go, ye cannot come; so now I say unto you."
3865,accepted_after_repair,,story_narrative,named_entity_heavy|latin_heavy_left,"ᎯᎠᏰᏃ ᏂᎬᏅ ᎪᏪᎳ ᏗᎧᏃᎩᏍᏗ ᎪᏪᎵᎯ, ᎦᏁᎸᎢ ᏅᏔ ᏫᏂᎦᎵᏍᏓ, ᎠᎴ ᏞᏍᏗ ᎩᎶ ᎾᎿ ᏳᏁᎳᏕᏍᏗ;"" ᎠᎴ ᎾᏍᏉ ᎯᎠ ᏂᎬᏅ, ᏧᎸᏫᏍᏓᏁᏗ ᎨᏒ ᏅᏩᏓᎴ ᏩᎩᏍᏓ."", For it is written in the book of Psalms, Let his habitation be made desolate, And let no man dwell therein: and","His office let another take.""","ᎯᎠᏰᏃ ᏂᎬᏅ ᎪᏪᎳ ᏗᎧᏃᎩᏍᏗ ᎪᏪᎵᎯ, ᎦᏁᎸᎢ ᏅᏔ ᏫᏂᎦᎵᏍᏓ || ᎠᎴ ᏞᏍᏗ ᎩᎶ ᎾᎿ ᏳᏁᎳᏕᏍᏗ;"" ᎠᎴ ᎾᏍᏉ ᎯᎠ ᏂᎬᏅ || ᏧᎸᏫᏍᏓᏁᏗ ᎨᏒ ᏅᏩᏓᎴ ᏩᎩᏍᏓ."", For it is written in the book of Psalms || Let his habitation be made desolate || And let no man dwell therein: and || His office let another take."""
3888,accepted_after_repair,,general_parallel,named_entity_heavy,"ᎯᎠᏃ ᏅᏓᎦᎵᏍᏔᏂ ᎤᎵᏍᏆᎸᏗ ᎨᏎᏍᏗ ᎠᏗᎭ ᎤᏁᎳᏅᎯ, ᎾᎦᎥ ᎤᏇᏓᎵ ᎨᏒ ᎠᏆᏓᏅᏙ ᏓᏥᏯᏐᏅᏰᎵ, ᏗᏤᏥᏃ ᎠᏂᏍᎦᏯ ᎠᎴ ᏗᏤᏥ ᎠᏂᎨᏴ ᎠᎾᏙᎴᎰᏍᎨᏍᏗ, ᎠᏂᏫᏅᏃ ᏗᏣᏤᎵ ᎤᎾᏁᎳᏫᏎᎮᏍᏗ, ᏧᎾᏛᏐᏅᎯᏃ ᏗᏣᏤᎵ ᎠᎾᏍᎩᏓᏒᎥᏍᎨᏍᏗ;""","And it shall be in the last days, saith God, I will pour forth of my Spirit upon all flesh: And your sons and your daughters shall prophesy, And your young men shall see visions, And your old men shall dream dreams:","ᎯᎠᏃ ᏅᏓᎦᎵᏍᏔᏂ ᎤᎵᏍᏆᎸᏗ ᎨᏎᏍᏗ ᎠᏗᎭ ᎤᏁᎳᏅᎯ || ᎾᎦᎥ ᎤᏇᏓᎵ ᎨᏒ ᎠᏆᏓᏅᏙ ᏓᏥᏯᏐᏅᏰᎵ || ᏗᏤᏥᏃ ᎠᏂᏍᎦᏯ ᎠᎴ ᏗᏤᏥ ᎠᏂᎨᏴ ᎠᎾᏙᎴᎰᏍᎨᏍᏗ || ᎠᏂᏫᏅᏃ ᏗᏣᏤᎵ ᎤᎾᏁᎳᏫᏎᎮᏍᏗ || ᏧᎾᏛᏐᏅᎯᏃ ᏗᏣᏤᎵ ᎠᎾᏍᎩᏓᏒᎥᏍᎨᏍᏗ;"" || And it shall be in the last days, saith God, I will pour forth of my Spirit upon all flesh: And your sons and your daughters shall prophesy, And your young men shall see visions, And your old men shall dream dreams:"
3896,accepted_after_repair,,story_narrative,named_entity_heavy,"ᏕᏫᏰᏃ ᎯᎠ ᏂᎦᏪ ᎾᏍᎩ ᎧᏃᎮᏍᎬᎢ; ᏂᎪᎯᎸ ᏥᎪᏩᏘᏍᎬᎩ ᏱᎰᏩ ᎢᎬᏱᏢ ᎠᏆᎧᏛᎢ, ᏥᎦᏘᏏᏗᏢᏰᏃ ᎦᏙᎦ, ᎾᏍᎩ ᎥᎩᏖᎸᏗᏱ ᏂᎨᏒᎾ.""","For David saith concerning him, I beheld the Lord always before my face; For he is on my right hand, that I should not be moved:","ᏕᏫᏰᏃ ᎯᎠ ᏂᎦᏪ ᎾᏍᎩ ᎧᏃᎮᏍᎬᎢ; ᏂᎪᎯᎸ ᏥᎪᏩᏘᏍᎬᎩ ᏱᎰᏩ ᎢᎬᏱᏢ ᎠᏆᎧᏛᎢ || ᏥᎦᏘᏏᏗᏢᏰᏃ ᎦᏙᎦ || ᎾᏍᎩ ᎥᎩᏖᎸᏗᏱ ᏂᎨᏒᎾ."" || For David saith concerning him, I beheld the Lord always before my face; For he is on my right hand, that I should not be moved:"
3905,accepted_after_repair,,general_parallel,named_entity_heavy|latin_heavy_left,"ᏕᏫᏰᏃ ᎥᏝ ᏳᎵᏌᎳᏓᏅ ᎦᎸᎳᏗ ᏫᏳᎶᏒ, ᎯᎠᏰᏃ ᏂᎦᏪ ᎤᏩᏒ; ᏱᎰᏩ ᎯᎠ ᏄᏪᏎᎸ ᎤᎬᏫᏳᎯ ᎠᏆᏤᎵᎦ; ᏥᎦᏘᏏ ᎢᏗᏢᏦᎴᏍᏗ, , For David ascended not into the heavens: but he saith himself, The Lord said unto my Lord, Sit thou on my right hand, ᎬᏂ ᎨᏣᏍᎦᎩ ᏗᏣᎳᏏᏗᏱ ᎦᏍᎩᎶ ᏂᎦᏥᏴᏁᎸᎭ.""""",Till I make thine enemies the footstool of thy feet.,"ᏕᏫᏰᏃ ᎥᏝ ᏳᎵᏌᎳᏓᏅ ᎦᎸᎳᏗ ᏫᏳᎶᏒ, ᎯᎠᏰᏃ ᏂᎦᏪ ᎤᏩᏒ; ᏱᎰᏩ ᎯᎠ ᏄᏪᏎᎸ ᎤᎬᏫᏳᎯ ᎠᏆᏤᎵᎦ; ᏥᎦᏘᏏ ᎢᏗᏢᏦᎴᏍᏗ || , For David ascended not into the heavens: but he saith himself || The Lord said unto my Lord || Sit thou on my right hand || 
ᎬᏂ ᎨᏣᏍᎦᎩ ᏗᏣᎳᏏᏗᏱ ᎦᏍᎩᎶ ᏂᎦᏥᏴᏁᎸᎭ."""" || Till I make thine enemies the footstool of thy feet."
3939,accepted_after_repair,,general_parallel,,"ᎼᏏᏰᏃ ᎯᎠ ᏂᏕᎤᏪᏎᎴ ᏗᎩᏙᏓ; ᏱᎰᏩ ᎢᏣᏁᎳᏅᎯ ᏓᏥᎾᏄᎪᏫᏎᎵ ᎠᏙᎴᎰᏍᎩ ᎢᏣᎵᏅᏟ ᎨᏒ ᏓᎦᎾᏄᎪᏥ, ᎠᏴ ᎾᏍᎩᏯᎢ; ᎾᏍᎩ ᏓᏰᏣᏛᏓᏍᏓᏁᎵ ᏂᎦᎥ ᎢᏥᏁᏤᏗ ᎨᏒᎢ.""","Moses indeed said, A prophet shall the Lord God raise up unto you from among your brethren, like unto me; to him shall ye hearken in all things whatsoever he shall speak unto you.","ᎼᏏᏰᏃ ᎯᎠ ᏂᏕᎤᏪᏎᎴ ᏗᎩᏙᏓ; ᏱᎰᏩ ᎢᏣᏁᎳᏅᎯ ᏓᏥᎾᏄᎪᏫᏎᎵ ᎠᏙᎴᎰᏍᎩ ᎢᏣᎵᏅᏟ ᎨᏒ ᏓᎦᎾᏄᎪᏥ || ᎠᏴ ᎾᏍᎩᏯᎢ; ᎾᏍᎩ ᏓᏰᏣᏛᏓᏍᏓᏁᎵ ᏂᎦᎥ ᎢᏥᏁᏤᏗ ᎨᏒᎢ."" || Moses indeed said, A prophet shall the Lord God raise up unto you from among your brethren, like unto me; to him shall ye hearken in all things whatsoever he shall speak unto you."
3940,accepted_after_repair,,story_narrative,named_entity_heavy|latin_heavy_left,"ᎯᎠᏃ ᏅᏓᎦᎵᏍᏔᏂ ᎾᏍᎩ ᎩᎶ ᏂᎪᎯᏳᎲᏍᎬᎾ ᎢᎨᏎᏍᏗ ᎾᏍᎩ ᎠᏙᎴᎰᏍᎩ, ᎠᏥᏛᏙᏗ ᎠᎨᎳᏗᏍᏗ ᎨᏎᏍᏗ ᎤᏓᏑᏴ ᏴᏫ ᎠᏁᎲᎢ."", And it shall be, that every soul that shall not hearken to that prophet","shall be utterly destroyed from among the people.""","ᎯᎠᏃ ᏅᏓᎦᎵᏍᏔᏂ ᎾᏍᎩ ᎩᎶ ᏂᎪᎯᏳᎲᏍᎬᎾ ᎢᎨᏎᏍᏗ ᎾᏍᎩ ᎠᏙᎴᎰᏍᎩ, ᎠᏥᏛᏙᏗ ᎠᎨᎳᏗᏍᏗ ᎨᏎᏍᏗ ᎤᏓᏑᏴ ᏴᏫ ᎠᏁᎲᎢ."", And it shall be || that every soul that shall not hearken to that prophet || shall be utterly destroyed from among the people."""
3968,accepted_after_repair,,general_parallel,named_entity_heavy,"ᎯᏅᏏᏓᏍᏗ ᏕᏫ ᎠᎰᎵ ᏨᏔᏅᎯ ᎯᎠ ᎢᏣᏪᏛ ᏥᎩ; ᎦᏙᏃ ᏧᎾᏓᎴᏅᏛ ᏴᏫ ᎤᏂᏔᎳᏬᏎᎢ, ᎠᎴ ᏴᏫ ᎤᎾᏓᏅᏖᎴ ᎢᏳᎾᏛᏁᏗᏱ ᎾᏍᎩ ᎢᎬᏩᎵᏍᏙᏗ ᏂᎨᏒᎾ ᎨᏒᎢ.""","who by the Holy Spirit, by the mouth of our father David thy servant, didst say, Why did the Gentiles rage, And the peoples imagine vain things?","ᎯᏅᏏᏓᏍᏗ ᏕᏫ ᎠᎰᎵ ᏨᏔᏅᎯ ᎯᎠ ᎢᏣᏪᏛ ᏥᎩ; ᎦᏙᏃ ᏧᎾᏓᎴᏅᏛ ᏴᏫ ᎤᏂᏔᎳᏬᏎᎢ || ᎠᎴ ᏴᏫ ᎤᎾᏓᏅᏖᎴ ᎢᏳᎾᏛᏁᏗᏱ ᎾᏍᎩ ᎢᎬᏩᎵᏍᏙᏗ ᏂᎨᏒᎾ ᎨᏒᎢ."" || who by the Holy Spirit, by the mouth of our father David thy servant, didst say, Why did the Gentiles rage, And the peoples imagine vain things?"
3969,accepted_after_repair,,story_narrative,named_entity_heavy|latin_heavy_left,"ᎤᏂᎬᏫᏳᎯ ᎡᎶᎯ ᎠᏁᎯ ᏚᎾᎴᏅᎩ, ᎠᎴ ᎠᏰᎵᏧᏂᎸᏫᏍᏓᏁᎯ ᏚᏂᎳᏫᏨᎩ ᎠᎾᏡᏗᏍᎬ ᎤᎬᏫᏳᎯ ᎠᎴ ᎠᎾᏡᏗᏍᎬ ᎤᏤᎵ ᎦᎶᏁᏛ."", The kings of the earth set themselves in array, And the rulers were gathered together, Against the Lord","and against his Anointed:""","ᎤᏂᎬᏫᏳᎯ ᎡᎶᎯ ᎠᏁᎯ ᏚᎾᎴᏅᎩ, ᎠᎴ ᎠᏰᎵᏧᏂᎸᏫᏍᏓᏁᎯ ᏚᏂᎳᏫᏨᎩ ᎠᎾᏡᏗᏍᎬ ᎤᎬᏫᏳᎯ ᎠᎴ ᎠᎾᏡᏗᏍᎬ ᎤᏤᎵ ᎦᎶᏁᏛ."", The kings of the earth set themselves in array || And the rulers were gathered together || Against the Lord || and against his Anointed:"""
4043,accepted_after_repair,,general_parallel,,"ᎤᏁᎳᏅᎯᏃ ᎯᎠ ᏄᏪᏎᎢ; ᏣᏁᏢᏔᏅᏛ ᎠᏁᏙᎯ ᎨᏎᏍᏗ ᎾᎿ ᎤᎾᏤ-ᎵᎪᎯ ᏂᎨᏒᎾ ᎨᏒᎢ, ᎠᎴ ᎾᎿ ᎠᏁᎯ ᏙᏓᎬᏩᏂᎾᏢᏂ ᎠᎴ ᎤᏲ ᏅᏓᎬᏅᏁᎵ ᏅᎩᏧᏈ ᏧᏕᏘᏴᏛ.""","And God spake on this wise, that his seed should sojourn in a strange land, and that they should bring them into bondage, and treat them ill, four hundred years.","ᎤᏁᎳᏅᎯᏃ ᎯᎠ ᏄᏪᏎᎢ; ᏣᏁᏢᏔᏅᏛ ᎠᏁᏙᎯ ᎨᏎᏍᏗ ᎾᎿ ᎤᎾᏤ-ᎵᎪᎯ ᏂᎨᏒᎾ ᎨᏒᎢ || ᎠᎴ ᎾᎿ ᎠᏁᎯ ᏙᏓᎬᏩᏂᎾᏢᏂ ᎠᎴ ᎤᏲ ᏅᏓᎬᏅᏁᎵ ᏅᎩᏧᏈ ᏧᏕᏘᏴᏛ."" || And God spake on this wise, that his seed should sojourn in a strange land, and that they should bring them into bondage, and treat them ill, four hundred years."
4063,accepted_after_repair,,general_parallel,,"ᎤᎩᏨᏛᏃ ᏚᎾᏄᎪᏤᎴ ᎠᎾᎵᎲᎢ, ᎠᎴ ᎦᎪᎯᏍᏓᏁᎮ ᎯᎠ ᏄᏪᏎᎢ; ᎢᏍᏗᏍᎦᏯ, ᏗᏍᏓᏓᏅᏟᏉ; ᎦᏙᏃ ᎤᏲ ᏂᏙᏍᏓᏓᏛᏁᎭ?""""","And the day following he appeared unto them as they strove, and would have set them at one again, saying, Sirs, ye are brethren; why do ye wrong one to another?","ᎤᎩᏨᏛᏃ ᏚᎾᏄᎪᏤᎴ ᎠᎾᎵᎲᎢ, ᎠᎴ ᎦᎪᎯᏍᏓᏁᎮ ᎯᎠ ᏄᏪᏎᎢ; ᎢᏍᏗᏍᎦᏯ || ᏗᏍᏓᏓᏅᏟᏉ; ᎦᏙᏃ ᎤᏲ ᏂᏙᏍᏓᏓᏛᏁᎭ?"""" || And the day following he appeared unto them as they strove, and would have set them at one again, saying, Sirs, ye are brethren; why do ye wrong one to another?"
4069,accepted_after_repair,,general_parallel,named_entity_heavy,"ᎠᏴ ᎤᏁᎳᏅᎯ ᏗᏣᎦᏴᎵᎨ ᎤᎾᏤᎵᎦ, ᎤᏁᎳᏅᎯ ᎡᏆᎭᎻ ᎤᏤᎵᎦ, ᎠᎴ ᎤᏁᎳᏅᎯ ᎡᏏᎩ ᎤᏤᎵᎦ, ᎠᎴ ᎤᏁᎳᏅᎯ ᏤᎦᏈ ᏅᏤᎵᎦ."" ᎣᏏᏃ ᎤᏪᎿᏪᎢ, ᎠᎴ ᎤᏍᎦᎴ ᎤᎪᎵᏰᏗᏱ.""","I am the God of thy fathers, the God of Abraham, and of Isaac, and of Jacob. And Moses trembled, and durst not behold.","ᎠᏴ ᎤᏁᎳᏅᎯ ᏗᏣᎦᏴᎵᎨ ᎤᎾᏤᎵᎦ || ᎤᏁᎳᏅᎯ ᎡᏆᎭᎻ ᎤᏤᎵᎦ || ᎠᎴ ᎤᏁᎳᏅᎯ ᎡᏏᎩ ᎤᏤᎵᎦ || ᎠᎴ ᎤᏁᎳᏅᎯ ᏤᎦᏈ ᏅᏤᎵᎦ."" ᎣᏏᏃ ᎤᏪᎿᏪᎢ || ᎠᎴ ᎤᏍᎦᎴ ᎤᎪᎵᏰᏗᏱ."" || I am the God of thy fathers, the God of Abraham, and of Isaac, and of Jacob. And Moses trembled, and durst not behold."
4070,accepted_after_repair,,general_parallel,,"ᎤᎬᏫᏳᎯᏃ ᎯᎠ ᏄᏪᏎᎴᎢ; ᏔᎳᏑᎳᎩ, ᎾᎿᏰᏃ ᏥᏙᎦ ᎦᎸᏉᏗᏳ ᎦᏙᎯ.""","And the Lord said unto him, Loose the shoes from thy feet: for the place whereon thou standest is holy ground.","ᎤᎬᏫᏳᎯᏃ ᎯᎠ ᏄᏪᏎᎴᎢ; ᏔᎳᏑᎳᎩ || ᎾᎿᏰᏃ ᏥᏙᎦ ᎦᎸᏉᏗᏳ ᎦᏙᎯ."" || And the Lord said unto him, Loose the shoes from thy feet: for the place whereon thou standest is holy ground."
4071,accepted_after_repair,,story_narrative,named_entity_heavy|latin_heavy_left,"ᎤᏙᎯᏳᎯᏯ ᎠᎩᎪᎲ ᎤᏲ ᏄᎾᎵᏍᏓᏁᎵᏕᎬ ᏴᏫ ᏗᏆᏤᎵ ᎢᏥᏈᏱ ᏣᏁᎭ, ᎠᎴ ᎠᏆᏛᎦᏅ ᏚᏂᎵᏰᏗᏍᎬᎢ, ᎠᎴ ᎠᏆᏠᏱᏏᎸ ᏕᎫᏓᎴᏏᎸ; Ꭷ ᎿᏉ ᏓᎬᏅᏏ ᎢᏥᏈᏱ."", I have surely seen the affliction of my people that is in Egypt, and have heard their groaning, and I am come down to deliver them: and now come","I will send thee into Egypt.""","ᎤᏙᎯᏳᎯᏯ ᎠᎩᎪᎲ ᎤᏲ ᏄᎾᎵᏍᏓᏁᎵᏕᎬ ᏴᏫ ᏗᏆᏤᎵ ᎢᏥᏈᏱ ᏣᏁᎭ, ᎠᎴ ᎠᏆᏛᎦᏅ ᏚᏂᎵᏰᏗᏍᎬᎢ, ᎠᎴ ᎠᏆᏠᏱᏏᎸ ᏕᎫᏓᎴᏏᎸ; Ꭷ ᎿᏉ ᏓᎬᏅᏏ ᎢᏥᏈᏱ."", I have surely seen the affliction of my people that is in Egypt || and have heard their groaning || and I am come down to deliver them: and now come || I will send thee into Egypt."""
4079,accepted_after_repair,,general_parallel,named_entity_heavy,"ᎿᏉᏃ ᎤᏁᎳᏅᎯ ᎤᎦᏔᎲᏎᎢ, ᎠᎴ ᎤᎾᏁᎳᎩ ᏫᏓᏂᎸᏉᏓ ᎤᏂᏣᏘ ᎦᎸᎶ ᎠᏁᎯ ᏚᏪᎵᏎᎴᎢ, ᎾᏍᎩᏯ ᎯᎠ ᏥᏂᎬᏅ ᏥᎪᏪᎳ ᎠᎾᏙᎴᎰᏍᎩ ᏧᏃᏪᎳᏅᎯ; ᏂᎯ ᎢᏏᎵ ᏏᏓᏁᎸᎯ ᎨᏒᎢ, ᏥᎪ ᏕᏍᎩᏃᎮᎸ ᏗᎸᎯ ᎦᎾᏝᎢ ᎠᎴ ᎠᏥᎸ-ᎨᎳᏍᏗ ᏅᎦᏍᎪᎯ ᏥᎾᏕᏘᏴ ᎢᎾᎨᎢ?""","But God turned, and gave them up to serve the host of heaven; as it is written in the book of the prophets, Did ye offer unto me slain beasts and sacrifices Forty years in the wilderness, O house of Israel?","ᎿᏉᏃ ᎤᏁᎳᏅᎯ ᎤᎦᏔᎲᏎᎢ, ᎠᎴ ᎤᎾᏁᎳᎩ ᏫᏓᏂᎸᏉᏓ ᎤᏂᏣᏘ ᎦᎸᎶ ᎠᏁᎯ ᏚᏪᎵᏎᎴᎢ, ᎾᏍᎩᏯ ᎯᎠ ᏥᏂᎬᏅ ᏥᎪᏪᎳ ᎠᎾᏙᎴᎰᏍᎩ ᏧᏃᏪᎳᏅᎯ; ᏂᎯ ᎢᏏᎵ ᏏᏓᏁᎸᎯ ᎨᏒᎢ || ᏥᎪ ᏕᏍᎩᏃᎮᎸ ᏗᎸᎯ ᎦᎾᏝᎢ ᎠᎴ ᎠᏥᎸ-ᎨᎳᏍᏗ ᏅᎦᏍᎪᎯ ᏥᎾᏕᏘᏴ ᎢᎾᎨᎢ?"" || But God turned, and gave them up to serve the host of heaven; as it is written in the book of the prophets, Did ye offer unto me slain beasts and sacrifices Forty years in the wilderness, O house of Israel?"
4080,accepted_after_repair,,story_narrative,named_entity_heavy|latin_heavy_left,"ᎢᏥᎲᏒᏰᏃ ᎦᎵᏦᏙᏗ ᎼᎳᎩ ᎤᏤᎵᎦ ᎠᎴ ᎤᏁᎳᏅᎯ ᎢᏥᏰᎸᎯ ᎴᎻᏈᏂ ᎤᏤᎵᎦ ᏃᏈᏏ, ᏗᏟᎶᏍᏔᏅᎯ ᎾᏍᎩ ᏗᏦᏢᏅᎯ ᏗᏣᏓᏙᎵᏍᏓᏁᏗ; ᏓᏗᎶᏂᏃ ᎤᏗᏗᏢ ᏫᏙᏓᏨᏯᎧᏂ."", And ye took up the tabernacle of Moloch, And the star of the god Rephan","The figures which ye made to worship them: And I will carry you away beyond Babylon.""","ᎢᏥᎲᏒᏰᏃ ᎦᎵᏦᏙᏗ ᎼᎳᎩ ᎤᏤᎵᎦ ᎠᎴ ᎤᏁᎳᏅᎯ ᎢᏥᏰᎸᎯ ᎴᎻᏈᏂ ᎤᏤᎵᎦ ᏃᏈᏏ, ᏗᏟᎶᏍᏔᏅᎯ ᎾᏍᎩ ᏗᏦᏢᏅᎯ ᏗᏣᏓᏙᎵᏍᏓᏁᏗ; ᏓᏗᎶᏂᏃ ᎤᏗᏗᏢ ᏫᏙᏓᏨᏯᎧᏂ."", And ye took up the tabernacle of Moloch || And the star of the god Rephan || The figures which ye made to worship them: And I will carry you away beyond Babylon."""
4129,accepted_after_repair,,general_parallel,named_entity_heavy,"ᎯᎠ ᎾᏍᎩ ᎪᏪᎸ ᎠᎪᎵᏰᏍᎨᎢ; ᎠᎦᏘᏃᎸᎩ ᎠᏫ ᎤᏃᏕᎾ ᎾᏍᎩᏯ ᏗᎯᏍᏗᏱ, ᎠᎴ ᎾᏍᎩᏯ ᎠᎩᎾ ᎠᏫ ᎡᎳᏪ ᏥᎨᏐ ᎬᏩᏍᏰᏍᎩ ᎠᏂᎦᏔᎲᎢ, ᎾᏍᎩᏯ ᎥᏝ ᏳᏍᏚᎢᏎ ᎠᎰᎵ.""","Now the passage of the scripture which he was reading was this, He was led as a sheep to the slaughter; And as a lamb before his shearer is dumb, So he openeth not his mouth:","ᎯᎠ ᎾᏍᎩ ᎪᏪᎸ ᎠᎪᎵᏰᏍᎨᎢ; ᎠᎦᏘᏃᎸᎩ ᎠᏫ ᎤᏃᏕᎾ ᎾᏍᎩᏯ ᏗᎯᏍᏗᏱ || ᎠᎴ ᎾᏍᎩᏯ ᎠᎩᎾ ᎠᏫ ᎡᎳᏪ ᏥᎨᏐ ᎬᏩᏍᏰᏍᎩ ᎠᏂᎦᏔᎲᎢ || ᎾᏍᎩᏯ ᎥᏝ ᏳᏍᏚᎢᏎ ᎠᎰᎵ."" || Now the passage of the scripture which he was reading was this, He was led as a sheep to the slaughter; And as a lamb before his shearer is dumb, So he openeth not his mouth:"
4316,accepted_after_repair,,general_parallel,named_entity_heavy,"ᎾᏍᎩ ᎤᏁᎳᏅᎯ ᎤᏙᎯᏳᎯ ᏂᎬᏁᎸ ᎠᏴ ᎾᏍᎩ ᏧᏁᏥ, ᎾᏍᎩ ᏥᏌ ᏕᎤᎴᏔᏅᎢ; ᎾᏍᎩᏯ ᎾᏍᏉ ᎯᎠ ᏥᏂᎬᏅ ᏥᎪᏪᎳ ᏗᎧᏃᎩᏍᏗᏱ ᏔᎵᏁᎢ; ᎠᏇᏥ ᏂᎯ, ᎪᎯ ᎢᎦ ᏍᏆᏕᏁᎸ.""""","that God hath fulfilled the same unto our children, in that he raised up Jesus; as also it is written in the second psalm, Thou art my Son, this day have I begotten thee.","ᎾᏍᎩ ᎤᏁᎳᏅᎯ ᎤᏙᎯᏳᎯ ᏂᎬᏁᎸ ᎠᏴ ᎾᏍᎩ ᏧᏁᏥ, ᎾᏍᎩ ᏥᏌ ᏕᎤᎴᏔᏅᎢ; ᎾᏍᎩᏯ ᎾᏍᏉ ᎯᎠ ᏥᏂᎬᏅ ᏥᎪᏪᎳ ᏗᎧᏃᎩᏍᏗᏱ ᏔᎵᏁᎢ; ᎠᏇᏥ ᏂᎯ || ᎪᎯ ᎢᎦ ᏍᏆᏕᏁᎸ."""" || that God hath fulfilled the same unto our children, in that he raised up Jesus; as also it is written in the second psalm, Thou art my Son, this day have I begotten thee."
4324,accepted_after_repair,,general_parallel,,"ᏗᏣᎧᏅᎦ, ᎢᏥᏂᏆᏘᎯ, ᎠᎴ ᎢᏥᏍᏆᏂᎪᎯ ᎠᎴ ᎢᏣᏗᏒᏅ; ᎠᏴᏰᏃ ᎪᎯ ᎢᏤᎲ ᏓᎩᎸᏫᏍᏓᏁ ᏗᎦᎸᏫᏍᏓᏁᏗ, ᎾᏍᎩ ᏗᎦᎸᏫᏍᏓᏁᏗ ᎥᏝ ᏴᎨᏦᎯᏳᎲᎦ ᎾᏍᏉ ᎠᏎ ᎩᎶ ᏱᏥᏁᎮᎮᎸ.""""","Behold, ye despisers, and wonder, and perish; For I work a work in your days, A work which ye shall in no wise believe, if one declare it unto you.","ᏗᏣᎧᏅᎦ || ᎢᏥᏂᏆᏘᎯ || ᎠᎴ ᎢᏥᏍᏆᏂᎪᎯ ᎠᎴ ᎢᏣᏗᏒᏅ; ᎠᏴᏰᏃ ᎪᎯ ᎢᏤᎲ ᏓᎩᎸᏫᏍᏓᏁ ᏗᎦᎸᏫᏍᏓᏁᏗ || ᎾᏍᎩ ᏗᎦᎸᏫᏍᏓᏁᏗ ᎥᏝ ᏴᎨᏦᎯᏳᎲᎦ ᎾᏍᏉ ᎠᏎ ᎩᎶ ᏱᏥᏁᎮᎮᎸ."""" || Behold, ye despisers, and wonder, and perish; For I work a work in your days, A work which ye shall in no wise believe, if one declare it unto you."
4330,rejected_after_repair,source_tag,,,"ᎾᏍᎩᏰᏃ ᏄᏍᏗ ᎤᎬᏫᏳᎯ ᎣᎩᏂᏁᏤᎸ, [ᎯᎠ ᏂᎦᏪᎭ;] ᎬᏯᎧᏅ ᎢᎦ ᏔᏘᏍᏓᏁᏗᏱ ᏧᎾᏓᎴᏅᏛ ᏴᏫ, ᎤᎵᏍᏕᎸᏙᏗ ᎢᏣᎵᏍᏙᏗᏱ ᎡᎶᎯ ᏂᎬᎾᏛᎢ.""""","For so hath the Lord commanded us, saying, I have set thee for a light of the Gentiles, That thou shouldest be for salvation unto the uttermost part of the earth.","ᎾᏍᎩᏰᏃ ᏄᏍᏗ ᎤᎬᏫᏳᎯ ᎣᎩᏂᏁᏤᎸ, [ᎯᎠ ᏂᎦᏪᎭ;] ᎬᏯᎧᏅ ᎢᎦ ᏔᏘᏍᏓᏁᏗᏱ ᏧᎾᏓᎴᏅᏛ ᏴᏫ || ᎤᎵᏍᏕᎸᏙᏗ ᎢᏣᎵᏍᏙᏗᏱ ᎡᎶᎯ ᏂᎬᎾᏛᎢ."""" || For so hath the Lord commanded us, saying, I have set thee for a light of the Gentiles, That thou shouldest be for salvation unto the uttermost part of the earth."
4379,accepted_after_repair,,general_parallel,named_entity_heavy,"ᎾᏍᎩᏃ ᏄᎵᏍᏔᏁᏍᏗ ᏛᏥᎷᏥ ᎠᎴ ᏛᏥᎵᏦᏘᏌᏂ ᏕᏫ ᎤᏤᎵ ᎦᎵᏦᏛᎢ, ᎾᏍᎩ ᎡᎳᏗ ᎤᏪᏡᏒᎯ ᏥᎩ, ᎠᎴ ᏛᏥᎵᏦᏘᏌᏂ ᎤᎵᏦᏙᎠᏒᎢ, ᎠᎴ ᏛᏥᎧᎯᏌᏂ.""","After these things I will return, And I will build again the tabernacle of David, which is fallen; And I will build again the ruins thereof, And I will set it up:","ᎾᏍᎩᏃ ᏄᎵᏍᏔᏁᏍᏗ ᏛᏥᎷᏥ ᎠᎴ ᏛᏥᎵᏦᏘᏌᏂ ᏕᏫ ᎤᏤᎵ ᎦᎵᏦᏛᎢ || ᎾᏍᎩ ᎡᎳᏗ ᎤᏪᏡᏒᎯ ᏥᎩ || ᎠᎴ ᏛᏥᎵᏦᏘᏌᏂ ᎤᎵᏦᏙᎠᏒᎢ || ᎠᎴ ᏛᏥᎧᎯᏌᏂ."" || After these things I will return, And I will build again the tabernacle of David, which is fallen; And I will build again the ruins thereof, And I will set it up:"
4380,accepted_after_repair,,general_parallel,named_entity_heavy|latin_heavy_left,"ᎾᏍᎩ ᏄᎾᏓᎴ ᏴᏫ ᎬᏩᏂᏯᏍᏗ ᎢᏳᎵᏍᏙᏗᏱ ᎤᎬᏫᏳᎯ, ᎠᎴ ᎾᏍᏉ ᏂᎦᏛ ᏧᎾᏓᎴᏅᏛ ᏴᏫ ᏓᏆᏙᎥ ᏗᎨᎪᏍᏔᏅᎯ ᏥᎩ, ᎠᏗᎭ ᎤᎬᏫᏳᎯ, ᎾᏍᎩ ᎯᎠ ᏂᎦᏛ ᏧᎸᏫᏍᏓᏁᎯ ᏥᎩ."", That the residue of men may seek after the Lord, And all the Gentiles, upon whom my name is called, ᎤᏁᎳᏅᎯ ᎠᎦᏔᎯᏳ ᏅᏧᏓᎴᏅᎲᎾ ᏂᎦᏛ ᏚᎸᏫᏍᏓᏁᎲᎢ.""","Saith the Lord, who maketh these things known from of old.","ᎾᏍᎩ ᏄᎾᏓᎴ ᏴᏫ ᎬᏩᏂᏯᏍᏗ ᎢᏳᎵᏍᏙᏗᏱ ᎤᎬᏫᏳᎯ, ᎠᎴ ᎾᏍᏉ ᏂᎦᏛ ᏧᎾᏓᎴᏅᏛ ᏴᏫ ᏓᏆᏙᎥ ᏗᎨᎪᏍᏔᏅᎯ ᏥᎩ, ᎠᏗᎭ ᎤᎬᏫᏳᎯ, ᎾᏍᎩ ᎯᎠ ᏂᎦᏛ ᏧᎸᏫᏍᏓᏁᎯ ᏥᎩ."", That the residue of men may seek after the Lord || And all the Gentiles || upon whom my name is called || 
ᎤᏁᎳᏅᎯ ᎠᎦᏔᎯᏳ ᏅᏧᏓᎴᏅᎲᎾ ᏂᎦᏛ ᏚᎸᏫᏍᏓᏁᎲᎢ."" || Saith the Lord, who maketh these things known from of old."
4581,accepted_after_repair,,general_parallel,named_entity_heavy,"ᏂᎦᏛ ᎬᏂᎨᏒ ᏂᏨᏴᏁᎸ ᎾᏍᎩ ᎢᏣᏛᏁᏗᏱ ᏕᏥᎸᏫᏍᏓᏁᎲ ᏗᏥᏍᏕᎸᏗᏱ ᏗᏂᏩᎾᎦᎳᎢ, ᎠᎴ ᎢᏣᏅᏓᏗᏍᏗᏱ ᏧᏁᏤ ᎤᎬᏫᏳᎯ ᏥᏌ, ᎯᎠ ᏥᏄᏪᏎᎢ, ᎤᏟ ᎣᏏᏳ ᎠᏓᏅᏓᏗᏍᏗ ᏴᏓᏁᎭ, ᎡᏍᎦᏉ ᏴᏓᏗᏁᎭ.""""","In all things I gave you an example, that so laboring ye ought to help the weak, and to remember the words of the Lord Jesus, that he himself said, It is more blessed to give than to receive.","ᏂᎦᏛ ᎬᏂᎨᏒ ᏂᏨᏴᏁᎸ ᎾᏍᎩ ᎢᏣᏛᏁᏗᏱ ᏕᏥᎸᏫᏍᏓᏁᎲ ᏗᏥᏍᏕᎸᏗᏱ ᏗᏂᏩᎾᎦᎳᎢ, ᎠᎴ ᎢᏣᏅᏓᏗᏍᏗᏱ ᏧᏁᏤ ᎤᎬᏫᏳᎯ ᏥᏌ, ᎯᎠ ᏥᏄᏪᏎᎢ, ᎤᏟ ᎣᏏᏳ ᎠᏓᏅᏓᏗᏍᏗ ᏴᏓᏁᎭ || ᎡᏍᎦᏉ ᏴᏓᏗᏁᎭ."""" || In all things I gave you an example, that so laboring ye ought to help the weak, and to remember the words of the Lord Jesus, that he himself said, It is more blessed to give than to receive."
4684,accepted_after_repair,,story_narrative,named_entity_heavy|latin_heavy_left,"ᎠᎴ ᎥᎩᏃᏁᎸ ᎠᏂᏧᏏ ᎤᏂᎭᎷᎬ ᎾᏍᎩ ᎠᏍᎦᏯ, ᎩᎳᏉ ᎢᏴᏛ ᎠᏆᏓᏅᏒ ᏗᏦᎸᎢ, ᎠᎴ ᎾᏍᏉ ᎦᏥᏁᏤᎸ ᎬᏬᎯᏍᏗᏍᎩ ᎯᎦᏔᎲ ᎤᏂᏃᎮᏗᏱ ᏅᏗᎦᎵᏍᏙᏗᏍᎬ ᎠᏄᎯᏍᏗᏍᎬᎢ. ᏙᎯᏱ ᏂᏣᏛᎿᏕᎨᏍᏗ."", And when it was shown to me that there would be a plot against the man, I sent him to thee forthwith","charging his accusers also to speak against him before thee.""","ᎠᎴ ᎥᎩᏃᏁᎸ ᎠᏂᏧᏏ ᎤᏂᎭᎷᎬ ᎾᏍᎩ ᎠᏍᎦᏯ, ᎩᎳᏉ ᎢᏴᏛ ᎠᏆᏓᏅᏒ ᏗᏦᎸᎢ, ᎠᎴ ᎾᏍᏉ ᎦᏥᏁᏤᎸ ᎬᏬᎯᏍᏗᏍᎩ ᎯᎦᏔᎲ ᎤᏂᏃᎮᏗᏱ ᏅᏗᎦᎵᏍᏙᏗᏍᎬ ᎠᏄᎯᏍᏗᏍᎬᎢ. ᏙᎯᏱ ᏂᏣᏛᎿᏕᎨᏍᏗ."", And when it was shown to me that there would be a plot against the man || I sent him to thee forthwith || charging his accusers also to speak against him before thee."""
4691,rejected_after_repair,too_long,,,"ᏩᏥᏯᏅᎲᏃ ᏔᏓᎳ ᎤᎴᏅᎲᎩ ᎤᏬᎯᏍᏔᏅᎩ, ᎯᎠ ᏄᏪᏒᎩ; ᏂᎯ ᎢᏣᏂᏌᏅᎯ ᎤᏣᏘ ᏅᏩᏙᎯᏯᏛ ᏦᏤᎭ, ᎠᎴ ᎣᏍᏛ ᏥᏄᎾᎵᏍᏓᏁᎭ ᏴᏫ ᎣᎦᏤᎵᎪᎯ ᏣᎦᏌᏯᏍᏗᏳ ᎨᏒ ᏥᏅᏗᎦᎵᏍᏙᏗᎭ, , And when he was called, Tertullus began to accuse him, saying, Seeing that by thee we enjoy much peace, and that by thy providence evils are corrected for this nation, ᎾᏍᎩ ᎢᏳᏍᏗ, ᎰᏍᏛ ᏈᎵᏏ, ᏂᎪᎯᎸ ᎠᎴ ᏂᎬᎾᏛ ᏂᎦᎥ ᎠᎵᎮᎵᏍᏗ ᎨᏒ ᎣᏣᏓᏂᎸᎪᎢ.""","we accept it in all ways and in all places, most excellent Felix, with all thankfulness.","ᏩᏥᏯᏅᎲᏃ ᏔᏓᎳ ᎤᎴᏅᎲᎩ ᎤᏬᎯᏍᏔᏅᎩ, ᎯᎠ ᏄᏪᏒᎩ; ᏂᎯ ᎢᏣᏂᏌᏅᎯ ᎤᏣᏘ ᏅᏩᏙᎯᏯᏛ ᏦᏤᎭ || ᎠᎴ ᎣᏍᏛ ᏥᏄᎾᎵᏍᏓᏁᎭ ᏴᏫ ᎣᎦᏤᎵᎪᎯ ᏣᎦᏌᏯᏍᏗᏳ ᎨᏒ ᏥᏅᏗᎦᎵᏍᏙᏗᎭ || , And when he was called || Tertullus began to accuse him || saying || Seeing that by thee we enjoy much peace || and that by thy providence evils are corrected for this nation || 
ᎾᏍᎩ ᎢᏳᏍᏗ || ᎰᏍᏛ ᏈᎵᏏ || ᏂᎪᎯᎸ ᎠᎴ ᏂᎬᎾᏛ ᏂᎦᎥ ᎠᎵᎮᎵᏍᏗ ᎨᏒ ᎣᏣᏓᏂᎸᎪᎢ."" || we accept it in all ways and in all places, most excellent Felix, with all thankfulness."
4696,accepted_after_repair,,story_narrative,named_entity_heavy|latin_heavy_left,"ᎠᎴ ᏚᏁᏤᎸᎩ ᎬᏭᎯᏍᏗᏍᎩ ᎨᏣᎷᏤᏗᏱ; ᎾᏍᎩᏃ ᎪᎯᎵᏰᏍᎬᎢ ᏨᏒ ᎨᏣᎦᏙᎥᎯᏍᏗ ᏱᏂᎦᎵᏍᏓ ᎯᎠ ᏂᎦᏛ ᏦᏧᎢᏍᏗᎭ."", from whom thou wilt be able, by examining him thyself","to take knowledge of all these things whereof we accuse him.""","ᎠᎴ ᏚᏁᏤᎸᎩ ᎬᏭᎯᏍᏗᏍᎩ ᎨᏣᎷᏤᏗᏱ; ᎾᏍᎩᏃ ᎪᎯᎵᏰᏍᎬᎢ ᏨᏒ ᎨᏣᎦᏙᎥᎯᏍᏗ ᏱᏂᎦᎵᏍᏓ ᎯᎠ ᏂᎦᏛ ᏦᏧᎢᏍᏗᎭ."", from whom thou wilt be able || by examining him thyself || to take knowledge of all these things whereof we accuse him."""
4698,accepted_after_repair,,general_parallel,,"ᎿᏉᏃ ᏉᎳ, ᎤᎬᏫᏳᎯ ᎤᎵᏍᎫᏫᏎᎸ ᎤᏁᎢᏍᏗᏱ ᎤᎵᏍᎪᎸᏓᏁᎸ, ᎯᎠ ᏄᏪᏒᎩ; ᏏᎦᏔᎯᏳ ᏥᎩ ᎢᎸᏍᎩ ᏧᏕᏘᏴᏛ ᏚᎪᏓᏁᎯ ᎢᎬᏩᎵᏍᏔᏅᎯ ᎨᏒ ᎯᎠ ᏑᎾᏓᎴᎩ ᏴᏫ, ᎾᏍᎩ ᏅᏓᎦᎵᏍᏙᏓ ᎤᏟ ᎤᎦᎵᏍᏗᏳ ᏴᏫ, ᎾᏍᎩ ᏅᏓᎦᎵᏍᏙᏓ ᎤᏟ ᎤᎦᎵᏍᏗᏳ ᎦᏓᏅᏓᏓ, ᎠᏋᏒ ᎦᎵᏍᏕᎵᏍᎬ ᎬᎩᏁᎢᏍᏗ ᏥᏂᎦᎵᏍᏓ.""","And when the governor had beckoned unto him to speak, Paul answered, Forasmuch as I know that thou hast been of many years a judge unto this nation, I cheerfully make my defence:","ᎿᏉᏃ ᏉᎳ, ᎤᎬᏫᏳᎯ ᎤᎵᏍᎫᏫᏎᎸ ᎤᏁᎢᏍᏗᏱ ᎤᎵᏍᎪᎸᏓᏁᎸ, ᎯᎠ ᏄᏪᏒᎩ; ᏏᎦᏔᎯᏳ ᏥᎩ ᎢᎸᏍᎩ ᏧᏕᏘᏴᏛ ᏚᎪᏓᏁᎯ ᎢᎬᏩᎵᏍᏔᏅᎯ ᎨᏒ ᎯᎠ ᏑᎾᏓᎴᎩ ᏴᏫ || ᎾᏍᎩ ᏅᏓᎦᎵᏍᏙᏓ ᎤᏟ ᎤᎦᎵᏍᏗᏳ ᏴᏫ || ᎾᏍᎩ ᏅᏓᎦᎵᏍᏙᏓ ᎤᏟ ᎤᎦᎵᏍᏗᏳ ᎦᏓᏅᏓᏓ || ᎠᏋᏒ ᎦᎵᏍᏕᎵᏍᎬ ᎬᎩᏁᎢᏍᏗ ᏥᏂᎦᎵᏍᏓ."" || And when the governor had beckoned unto him to speak, Paul answered, Forasmuch as I know that thou hast been of many years a judge unto this nation, I cheerfully make my defence:"
4709,accepted_after_repair,,story_narrative,named_entity_heavy|latin_heavy_left,"ᎯᎠ ᏍᎩᏂᏃᏅ ᏑᏓᎴᎩ ᎤᏩᏒ ᎠᎩᏁᏨᎢ, ᎯᎠ ᎾᎩᏪᏒ ᎠᏇᎷᏅ ᎠᏂᎦᏔᎲ ᏥᏙᎬᎢ; ᏗᎴᎯᏐᏗ ᎨᏒᎠᏲᎱᏒ ᏅᏗᎦᎵᏍᏙᏗ ᏍᎩᏱᎵᏙᎭ ᎪᎯ ᎢᎦ ᏥᎩ."", except it be for this one voice, that I cried standing among them","Touching the resurrection of the dead I am called in question before you this day.""","ᎯᎠ ᏍᎩᏂᏃᏅ ᏑᏓᎴᎩ ᎤᏩᏒ ᎠᎩᏁᏨᎢ, ᎯᎠ ᎾᎩᏪᏒ ᎠᏇᎷᏅ ᎠᏂᎦᏔᎲ ᏥᏙᎬᎢ; ᏗᎴᎯᏐᏗ ᎨᏒᎠᏲᎱᏒ ᏅᏗᎦᎵᏍᏙᏗ ᏍᎩᏱᎵᏙᎭ ᎪᎯ ᎢᎦ ᏥᎩ."", except it be for this one voice || that I cried standing among them || Touching the resurrection of the dead I am called in question before you this day."""
4844,accepted_after_repair,,general_parallel,,"ᎯᎠ ᏥᏄᏪᏎᎢ; ᎯᎠ ᏴᏫ ᏘᏩᏛᎱᎦ, ᎠᎴ ᎯᎠ ᏫᏂᏫ; ᎢᏣᏛᎩᏍᎬᎢ ᎢᏣᏛᎩᏍᎨᏍᏗ, ᎠᏎᏃ ᎥᏝ ᏱᏦᎵᎨᏍᏗ, ᎠᎴ ᎢᏥᎪᏩᏘᏍᎬᎢ ᎢᏥᎪᏩᏘᏍᎨᏍᏗ ᎠᏎᏃ ᎥᏝ ᏱᏣᏙᎴᎰᏍᎨᏍᏗ.""","saying, Go thou unto this people, and say, By hearing ye shall hear, and shall in no wise understand; And seeing ye shall see, and shall in no wise perceive:","ᎯᎠ ᏥᏄᏪᏎᎢ; ᎯᎠ ᏴᏫ ᏘᏩᏛᎱᎦ || ᎠᎴ ᎯᎠ ᏫᏂᏫ; ᎢᏣᏛᎩᏍᎬᎢ ᎢᏣᏛᎩᏍᎨᏍᏗ || ᎠᏎᏃ ᎥᏝ ᏱᏦᎵᎨᏍᏗ || ᎠᎴ ᎢᏥᎪᏩᏘᏍᎬᎢ ᎢᏥᎪᏩᏘᏍᎨᏍᏗ ᎠᏎᏃ ᎥᏝ ᏱᏣᏙᎴᎰᏍᎨᏍᏗ."" || saying, Go thou unto this people, and say, By hearing ye shall hear, and shall in no wise understand; And seeing ye shall see, and shall in no wise perceive:"
4845,rejected_after_repair,too_long,,,"ᎯᎠᏰᏃ ᏴᏫ ᎤᏂᎾᏫ ᎤᎵᏦᎲᏒ, ᎠᎴ ᏓᏂᎵᎷᎬ ᎦᏂᎵᏳ ᎠᎾᏛᎩᎠ, ᎠᎴ ᏗᏂᎦᏙᎵ ᏚᏂᏍᏚᎭ; ᎾᏍᎩ ᏗᏂᎦᏙᎵ ᏗᎬᏩᏂᎪᏩᏛᏙᏗ ᏂᎨᏒᎾ, ᎠᎴ ᏓᏂᎵᎷᎬ ᏗᎬᏩᎾᏛᎪᏙᏗ ᏂᎨᏒᎾ, ᎠᎴ ᎤᏂᎾᏫ ᎬᏩᏃᎵᏍᏙᏗ ᏂᎨᏒᎾ, ᎠᎴ ᏚᎾᏓᏅᏛ ᏧᏏᏁᏟᏴᏍᏗᏱ ᏂᎨᏒᎾ ᎠᎴ ᏗᎦᎦᏥᏅᏬᏗ ᏂᎨᏒᎾ."", For this people’s heart is waxed gross, And their ears are dull of hearing, And their eyes they have closed; Lest haply they should perceive with their eyes, And hear with their ears, And understand with their heart, And should turn again","And I should heal them.""","ᎯᎠᏰᏃ ᏴᏫ ᎤᏂᎾᏫ ᎤᎵᏦᎲᏒ, ᎠᎴ ᏓᏂᎵᎷᎬ ᎦᏂᎵᏳ ᎠᎾᏛᎩᎠ, ᎠᎴ ᏗᏂᎦᏙᎵ ᏚᏂᏍᏚᎭ; ᎾᏍᎩ ᏗᏂᎦᏙᎵ ᏗᎬᏩᏂᎪᏩᏛᏙᏗ ᏂᎨᏒᎾ, ᎠᎴ ᏓᏂᎵᎷᎬ ᏗᎬᏩᎾᏛᎪᏙᏗ ᏂᎨᏒᎾ, ᎠᎴ ᎤᏂᎾᏫ ᎬᏩᏃᎵᏍᏙᏗ ᏂᎨᏒᎾ, ᎠᎴ ᏚᎾᏓᏅᏛ ᏧᏏᏁᏟᏴᏍᏗᏱ ᏂᎨᏒᎾ ᎠᎴ ᏗᎦᎦᏥᏅᏬᏗ ᏂᎨᏒᎾ."", For this people’s heart is waxed gross || And their ears are dull of hearing || And their eyes they have closed; Lest haply they should perceive with their eyes || And hear with their ears || And understand with their heart || And should turn again || And I should heal them."""
7220,accepted_after_repair,,general_parallel,,"ᎢᏳᏃ ᎢᏥᎧᎵᎢᎮᏍᏗ ᎦᎸᏉᏗᏳ ᏗᎧᎿᏩᏛᏍᏗ ᎾᏍᎩᏯ ᏂᎬᏅ ᎪᏪᎸᎢ, ᏨᏒ ᏥᏂᏣᏓᎨᏳᎭ ᏂᎨᏳᏎᏍᏗ ᎾᎥ ᎢᏗᏍᏓᏓᎳ, ᏣᏗᎭ, ᎣᏏᏳ ᏱᏂᏣᏛᎦ.","Howbeit if ye fulfil the royal law, according to the scripture, Thou shalt love thy neighbor as thyself, ye do well:","ᎢᏳᏃ ᎢᏥᎧᎵᎢᎮᏍᏗ ᎦᎸᏉᏗᏳ ᏗᎧᎿᏩᏛᏍᏗ ᎾᏍᎩᏯ ᏂᎬᏅ ᎪᏪᎸᎢ, ᏨᏒ ᏥᏂᏣᏓᎨᏳᎭ ᏂᎨᏳᏎᏍᏗ ᎾᎥ ᎢᏗᏍᏓᏓᎳ ||  ᏣᏗᎭ, ᎣᏏᏳ ᏱᏂᏣᏛᎦ. || Howbeit if ye fulfil the royal law, according to the scripture, Thou shalt love thy neighbor as thyself, ye do well:"
7223,accepted_after_repair,,general_parallel,named_entity_heavy,"ᎯᎠᏰᏃ ᎢᏳᏪᏛ ᏥᎩ, ᏞᏍᏗ ᏣᏓᏲᏁᎸᎩ, ᎾᏍᏉ ᎯᎠ ᎢᏳᏪᏛ ᎢᎩ, ᏞᏍᏗ ᏣᏓᎸᎩ;"" ᎾᏍᎩᏃ ᎢᏳᏃ ᏂᏣᏓᏲᏁᎸᎾ ᏱᎩ, ᎠᏎᏃ ᏱᏣᏓᎸ, ᎿᏉ ᏗᎧᎿᏩᏛᏍᏗ ᎯᏲᏍᏗᏍᎩ ᏄᎵᏍᏔᏅ.""","For he that said, Do not commit adultery, said also, Do not kill. Now if thou dost not commit adultery, but killest, thou art become a transgressor of the law.","ᎯᎠᏰᏃ ᎢᏳᏪᏛ ᏥᎩ, ᏞᏍᏗ ᏣᏓᏲᏁᎸᎩ ||  ᎾᏍᏉ ᎯᎠ ᎢᏳᏪᏛ ᎢᎩ, ᏞᏍᏗ ᏣᏓᎸᎩ;"" ᎾᏍᎩᏃ ᎢᏳᏃ ᏂᏣᏓᏲᏁᎸᎾ ᏱᎩ || ᎠᏎᏃ ᏱᏣᏓᎸ || ᎿᏉ ᏗᎧᎿᏩᏛᏍᏗ ᎯᏲᏍᏗᏍᎩ ᏄᎵᏍᏔᏅ."" || For he that said, Do not commit adultery, said also, Do not kill. Now if thou dost not commit adultery, but killest, thou art become a transgressor of the law."
7235,accepted_after_repair,,general_parallel,named_entity_heavy,"ᎪᏪᎸᏃ ᎤᏙᎯᏳᏁᎢ ᎯᎠ ᏥᏂᎦᏪᎭ; ᎡᏆᎭᎻ ᎤᏬᎯᏳᏅᎩ ᎤᏁᎸᏅᎯ, ᎾᏍᎩᏃ ᏚᏳᎪᏛ ᏗᎦᎸᏫᏍᏓᏁᏗ ᎨᏒ ᎤᏠᏱ ᎠᏥᏰᎸᎾᏁᎸᎩ."" ᎾᏍᎩᏃ ᎤᏁᎳᏅᎯ ᎤᎾᎵᎢ ᎠᎪᏎᎲᎩ.""","and the scripture was fulfilled which saith, And Abraham believed God, and it was reckoned unto him for righteousness; and he was called the friend of God.","ᎪᏪᎸᏃ ᎤᏙᎯᏳᏁᎢ ᎯᎠ ᏥᏂᎦᏪᎭ; ᎡᏆᎭᎻ ᎤᏬᎯᏳᏅᎩ ᎤᏁᎸᏅᎯ || ᎾᏍᎩᏃ ᏚᏳᎪᏛ ᏗᎦᎸᏫᏍᏓᏁᏗ ᎨᏒ ᎤᏠᏱ ᎠᏥᏰᎸᎾᏁᎸᎩ."" ᎾᏍᎩᏃ ᎤᏁᎳᏅᎯ ᎤᎾᎵᎢ ᎠᎪᏎᎲᎩ."" || and the scripture was fulfilled which saith, And Abraham believed God, and it was reckoned unto him for righteousness; and he was called the friend of God."
7309,accepted_after_repair,,general_parallel,,"ᎯᎠᏰᏃ ᏂᎬᏅ ᎪᏪᎳ, ᎢᏥᏍᎦᎾ ᏂᎨᏒᎾ ᎨᏎᏍᏗ, ᎠᏴᏰᏃ ᏥᏍᎦᎾ ᏂᎨᏒᎾ ᎢᎩ.""""","because it is written, Ye shall be holy; for I am holy.","ᎯᎠᏰᏃ ᏂᎬᏅ ᎪᏪᎳ, ᎢᏥᏍᎦᎾ ᏂᎨᏒᎾ ᎨᏎᏍᏗ || ᎠᏴᏰᏃ ᏥᏍᎦᎾ ᏂᎨᏒᎾ ᎢᎩ."""" || because it is written, Ye shall be holy; for I am holy."
7326,accepted_after_repair,,general_parallel,,"ᎠᎴ ᏅᏯ ᎠᏓᎿᏍᏆᎶᏍᏗᏍᎩ ᎠᎴ ᏅᏯ ᏗᏓᏙᏕᏍᏗᏍᎩ, ᎾᏍᎩ Ꮎ ᎧᏃᎮᏛ ᏥᏚᏂᎾᏍᏆᎶᏍᏗᎭ, ᎾᏃᎯᏳᎲᏍᎬᎾ ᎨᏒ ᎢᏳᏍᏗ, ᎾᏍᎩ ᎢᏳᎾᎵᏍᏓᏁᏗᏱ ᎾᏍᏉ ᏥᏕᎨᏥᎧᏁᎢ.","and, A stone of stumbling, and a rock of offence; for they stumble at the word, being disobedient: whereunto also they were appointed.","ᎠᎴ ᏅᏯ ᎠᏓᎿᏍᏆᎶᏍᏗᏍᎩ ᎠᎴ ᏅᏯ ᏗᏓᏙᏕᏍᏗᏍᎩ ||  ᎾᏍᎩ Ꮎ ᎧᏃᎮᏛ ᏥᏚᏂᎾᏍᏆᎶᏍᏗᎭ, ᎾᏃᎯᏳᎲᏍᎬᎾ ᎨᏒ ᎢᏳᏍᏗ, ᎾᏍᎩ ᎢᏳᎾᎵᏍᏓᏁᏗᏱ ᎾᏍᏉ ᏥᏕᎨᏥᎧᏁᎢ. || and, A stone of stumbling, and a rock of offence; for they stumble at the word, being disobedient: whereunto also they were appointed."
7353,accepted_after_repair,,general_parallel,named_entity_heavy,"ᎩᎶᏰᏃ ᎬᏅ ᎤᎨᏳᏎᏍᏗ, ᎠᎴ ᎣᏍᏛ ᎢᎦ ᏧᎪᏩᏛᏗᏱ ᎤᏚᎵᏍᎨᏍᏗ, ᏩᏲᏍᏙᏓᏏ ᎦᏃᎪᎢ ᎤᏲ ᎨᏒᎢ, ᏚᎭᏁᎦᎸ ᎦᎶᏄᎮᏛ ᎤᏁᎢᏍᏗᏱ ᏂᎨᏒᎾ;""","For, He that would love life, And see good days, Let him refrain his tongue from evil, And his lips that they speak no guile:","ᎩᎶᏰᏃ ᎬᏅ ᎤᎨᏳᏎᏍᏗ || ᎠᎴ ᎣᏍᏛ ᎢᎦ ᏧᎪᏩᏛᏗᏱ ᎤᏚᎵᏍᎨᏍᏗ || ᏩᏲᏍᏙᏓᏏ ᎦᏃᎪᎢ ᎤᏲ ᎨᏒᎢ || ᏚᎭᏁᎦᎸ ᎦᎶᏄᎮᏛ ᎤᏁᎢᏍᏗᏱ ᏂᎨᏒᎾ;"" || For, He that would love life, And see good days, Let him refrain his tongue from evil, And his lips that they speak no guile:"
8126,accepted_after_repair,,news,domain_news|headline_like|named_entity_heavy|latin_heavy_left,"“Ꮩ ᎤᏍᏗ, ᏙᏯ?” ᎤᏛᏁ ᏥᏍᏚ., what is it","Beaver?"" said Rabbit.""","“Ꮩ ᎤᏍᏗ, ᏙᏯ?” ᎤᏛᏁ ᏥᏍᏚ. || what is it || Beaver?"" said Rabbit."""
8128,rejected_after_repair,low_cherokee_left,,,"“ᎪᎱᏍᏗ ᏥᏩᏔ ᎤᏪᏯ ᎾᎥ,” ᎤᏛᏁ ᏙᏯ., I found something near the river",said Beaver.,"“ᎪᎱᏍᏗ ᏥᏩᏔ ᎤᏪᏯ ᎾᎥ,” ᎤᏛᏁ ᏙᏯ. || I found something near the river ||  said Beaver."
8130,rejected_after_repair,low_cherokee_left,,,"ᏂᎯ ᎡᎵᏊ ᏱᏣᎾᏔ Ꮩ ᎤᏍᏗ ᎨᏒ.”, You might, by chance, know what it is."" “ᎭᏩ, ” ᎤᏛᏁ ᏥᏍᏚ, “ᎢᏕᎾ.”"", Alright","said rabbit, let's go.""""","ᏂᎯ ᎡᎵᏊ ᏱᏣᎾᏔ Ꮩ ᎤᏍᏗ ᎨᏒ.” || You might, by chance, know what it is.""
“ᎭᏩ || ” ᎤᏛᏁ ᏥᏍᏚ || “ᎢᏕᎾ.”"" || Alright ||  said rabbit, let's go."""""
8134,accepted_after_repair,,general_parallel,latin_heavy_left,"“ᏏᏲ,” ᎤᏛᎮ ᏩᎭᏯ., Hello",said Wolf.,"“ᏏᏲ,” ᎤᏛᎮ ᏩᎭᏯ. || Hello ||  said Wolf."
8136,accepted_after_repair,,general_parallel,named_entity_heavy|latin_heavy_left,"“ᏙᏯ ᎪᎱᏍᏗ ᎠᏩᏔ ᏧᏪᏯ ᎾᎥ,” ᎤᏛᏁ ᏥᏍᏚ., Beaver found something near the river",said Rabbit.,"“ᏙᏯ ᎪᎱᏍᏗ ᎠᏩᏔ ᏧᏪᏯ ᎾᎥ,” ᎤᏛᏁ ᏥᏍᏚ. || Beaver found something near the river ||  said Rabbit."
8137,accepted_after_repair,,general_parallel,named_entity_heavy|latin_heavy_left,"“ᎨᏍᏗ ᏳᏩᎾᏔ ᏙᎤᏍᏗ ᎨᏒ,” ᎤᏛᏁ ᏌᎶᎵ., He doesn't know what it is",said Squirrel.,"“ᎨᏍᏗ ᏳᏩᎾᏔ ᏙᎤᏍᏗ ᎨᏒ,” ᎤᏛᏁ ᏌᎶᎵ. || He doesn't know what it is ||  said Squirrel."
8138,accepted_after_repair,,story_narrative,named_entity_heavy|latin_heavy_left,"“ᎠᏯᏛ ᎡᎵᏊ ᏯᏆᎾᏔ,” ᎤᏛᏁ ᏩᎭᏯ. “ᏗᎨᏏ.”, I will very likely know what it is","said Wolf. I will go too.""""","“ᎠᏯᏛ ᎡᎵᏊ ᏯᏆᎾᏔ,” ᎤᏛᏁ ᏩᎭᏯ. “ᏗᎨᏏ.” || I will very likely know what it is ||  said Wolf. I will go too."""""
8145,accepted_after_repair,,general_parallel,named_entity_heavy|latin_heavy_left,"“ᎠᏆᏔᏃ ᏙᎤᏍᏗ ᎨᏒ ᎯᎠ,” ᎤᏛᏁ ᏩᎭᏯ., I know what this is",said Wolf.,"“ᎠᏆᏔᏃ ᏙᎤᏍᏗ ᎨᏒ ᎯᎠ,” ᎤᏛᏁ ᏩᎭᏯ. || I know what this is ||  said Wolf."
8146,accepted_after_repair,,story_narrative,latin_heavy_left,"“ᎠᏂᏴᏫᏯᏃ ‘ᎠᎳᏑᎶ’ ᏓᏃᏎᎰ…”, Among humans","they call it a 'shoe.'""""","“ᎠᏂᏴᏫᏯᏃ ‘ᎠᎳᏑᎶ’ ᏓᏃᏎᎰ…” || Among humans || they call it a 'shoe.'"""""
8153,accepted_after_repair,,general_parallel,named_entity_heavy|latin_heavy_left,"“ᏕᏥᏰᏲᎾ,” ᎤᏪᎵᏎ ᏥᏍᏚ., I'll teach him",thought Rabbit.,"“ᏕᏥᏰᏲᎾ,” ᎤᏪᎵᏎ ᏥᏍᏚ. || I'll teach him ||  thought Rabbit."
8156,accepted_after_repair,,general_parallel,named_entity_heavy|latin_heavy_left,"“ᎯᎠᏛ ᎾᏅᏛᏁᎰ,” ᎤᏛᏁ ᏩᎭᏯ., This is what they do",said Wolf.,"“ᎯᎠᏛ ᎾᏅᏛᏁᎰ,” ᎤᏛᏁ ᏩᎭᏯ. || This is what they do ||  said Wolf."
8158,rejected_after_repair,low_cherokee_left,,,"“ᎯᏓ ᎾᏅᏛᏁᎰ,” ᎤᏛᏁ., This is what they do",he said.,"“ᎯᏓ ᎾᏅᏛᏁᎰ,” ᎤᏛᏁ. || This is what they do ||  he said."
8162,accepted_after_repair,,general_parallel,named_entity_heavy|latin_heavy_left,"“ᎯᎠᏛ ᎾᏅᏛᏁᎰ ᏱᎾᏚᎳᏑᏝᎾ,” ᎤᏛᏁ ᏩᎭᏯ - ᎭᎴ ᎾᏦᎯᏍᎬ., This is what they do when they put on shoes","said Wolf, nearly crying","“ᎯᎠᏛ ᎾᏅᏛᏁᎰ ᏱᎾᏚᎳᏑᏝᎾ,”  ᎤᏛᏁ ᏩᎭᏯ - ᎭᎴ ᎾᏦᎯᏍᎬ. || This is what they do when they put on shoes ||  said Wolf, nearly crying"
8165,accepted_after_repair,,news,domain_news|headline_like|latin_heavy_left,"“ᎭᏩ, ᏩᎭᏯ!” ᎤᏛᏁ ᏥᏍᏚ., Alright","Wolf!"" said Rabbit.""","“ᎭᏩ, ᏩᎭᏯ!” ᎤᏛᏁ ᏥᏍᏚ. || Alright || Wolf!"" said Rabbit."""
8168,accepted_after_repair,,general_parallel,named_entity_heavy|latin_heavy_left,"ᎢᏧᎳᏃ ᎠᎬᏯᏗᏣ ᏕᏣᎳᏍᎬ ᏱᏕᏣᎳᏑᎶᎯ.”, So both your front feet will have shoes."" “ᎭᏩ, ” ᎤᏛᏁ ᏩᎭᏯ."", Okay",said Wolf.,"ᎢᏧᎳᏃ ᎠᎬᏯᏗᏣ ᏕᏣᎳᏍᎬ ᏱᏕᏣᎳᏑᎶᎯ.” || So both your front feet will have shoes.""
“ᎭᏩ || ” ᎤᏛᏁ ᏩᎭᏯ."" || Okay ||  said Wolf."
8176,accepted_after_repair,,general_parallel,latin_heavy_left,"ᏩᎭᏯᏃ, “ᎭᏩ,” ᎤᏛᏁ, ᏎᎦᏨ ᎦᏬᏂᏍᎦ., Okay","said Wolf, barely speaking.","ᏩᎭᏯᏃ, “ᎭᏩ,” ᎤᏛᏁ, ᏎᎦᏨ ᎦᏬᏂᏍᎦ. || Okay ||  said Wolf, barely speaking."
8180,accepted_after_repair,,general_parallel,named_entity_heavy|latin_heavy_left,"“ᎯᎠᏛ ᎾᏅᏛᏁᎰ ᏱᎾᏚᎳᏑᏝᎾ,” ᎤᏛᏁ ᏩᎭᏯ ᎭᎴ ᎾᏦᎯᏍᎬ., This is what they do when they put on shoes","said Wolf, nearly crying","“ᎯᎠᏛ ᎾᏅᏛᏁᎰ ᏱᎾᏚᎳᏑᏝᎾ,” ᎤᏛᏁ ᏩᎭᏯ ᎭᎴ ᎾᏦᎯᏍᎬ. || This is what they do when they put on shoes ||  said Wolf, nearly crying"
8182,accepted_after_repair,,general_parallel,named_entity_heavy|latin_heavy_left,"“Ꭽ! ᏙᎧ ᎭᏗ ᎪᎱᏍᏗ ᏯᏕᏠᏆᏍᎦ,” ᎤᏪᎵᏎ Ꮎ ᏥᏍᏚ…, Ha! Really not learning anything",thought Rabbit…,"“Ꭽ! ᏙᎧ ᎭᏗ ᎪᎱᏍᏗ ᏯᏕᏠᏆᏍᎦ,” ᎤᏪᎵᏎ Ꮎ ᏥᏍᏚ… || Ha! Really not learning anything ||  thought Rabbit…"
8183,accepted_after_repair,,general_parallel,named_entity_heavy|latin_heavy_left,"“ᎧᎹ! ᏏᏛ ᏔᎵ ᏕᎯᏂᏅᏌᏓ,” ᎤᏛᏁ ᏥᏍᏚ., Now! You still have two feet",said Rabbit.,"“ᎧᎹ! ᏏᏛ ᏔᎵ ᏕᎯᏂᏅᏌᏓ,” ᎤᏛᏁ ᏥᏍᏚ. || Now! You still have two feet ||  said Rabbit."
8185,accepted_after_repair,,general_parallel,latin_heavy_left,"ᏩᎭᏯᏃ, “ᎭᏩ,” ᎤᏛᎮ ᏎᎦᏨ., Alright","said Wolf, barely.","ᏩᎭᏯᏃ, “ᎭᏩ,” ᎤᏛᎮ ᏎᎦᏨ. || Alright ||  said Wolf, barely."
8190,accepted_after_repair,,general_parallel,latin_heavy_left,"“ᎭᏩ,” ᎤᏛᏁ ᏩᎭᏯ., Okay",said Wolf.,"“ᎭᏩ,” ᎤᏛᏁ ᏩᎭᏯ. || Okay ||  said Wolf."
8193,accepted_after_repair,,general_parallel,named_entity_heavy|latin_heavy_left,"“ᎯᎠᏛ ᎾᏅᏛᏁᎰ ᏱᎾᏚᎳᏑᏝᎾ,” ᎤᏛᏁ ᏩᎭᏯ - ᏙᏳ ᎠᎩᏟᏲᎦ ᏃᏊ., This is what they do when they put on shoes","said Wolf, truly in pain now.","“ᎯᎠᏛ ᎾᏅᏛᏁᎰ ᏱᎾᏚᎳᏑᏝᎾ,” ᎤᏛᏁ ᏩᎭᏯ - ᏙᏳ ᎠᎩᏟᏲᎦ ᏃᏊ. || This is what they do when they put on shoes ||  said Wolf, truly in pain now."
8194,accepted_after_repair,,general_parallel,named_entity_heavy|latin_heavy_left,"ᏝᏛᏏ ᏯᏕᏠᎦᏩᏍᎦ ᎤᏪᎵᏎ ᏥᏍᏚ., Still not learning",thought Rabbit.,ᏝᏛᏏ ᏯᏕᏠᎦᏩᏍᎦ ᎤᏪᎵᏎ ᏥᏍᏚ. || Still not learning ||  thought Rabbit.
8195,accepted_after_repair,,general_parallel,named_entity_heavy|latin_heavy_left,"ᏏᏛ ᏌᏊ ᎯᎳᏒᏓ, ᎠᎪᏎᎴ ᏩᎭᏯ., You still have one foot",he told Wolf.,ᏏᏛ ᏌᏊ ᎯᎳᏒᏓ ||  ᎠᎪᏎᎴ ᏩᎭᏯ. || You still have one foot ||  he told Wolf.
8197,accepted_after_repair,,general_parallel,latin_heavy_left,"“ᎭᏩ,” ᎤᏛᏁ ᏩᎭᏯ, Okay",said Wolf.,"“ᎭᏩ,” ᎤᏛᏁ ᏩᎭᏯ || Okay ||  said Wolf."
8201,rejected_after_repair,duplicate_exact,,,"“ᎭᏩ,” ᎤᏛᏁ ᏩᎭᏯ., Okay",said Wolf.,"“ᎭᏩ,” ᎤᏛᏁ ᏩᎭᏯ. || Okay ||  said Wolf."
8212,accepted_after_repair,,general_parallel,named_entity_heavy|latin_heavy_left,"ᏍᎩᏃᏳᏍᏗ Ꮎ ᏥᏓᏇᏍᏓᏁᎮ ᏗᎳᏑᎶ, ᏧᎾᏍᏗᎩᏃ ᎨᏎ.”, That's why those shoes hurt me, because they were too small."" ᎤᎾᏛ ᏚᏗᏨ ᏥᏍᏚ ᎤᏩᎾᏛ Ꮭ ᎫᎱᏍᏗ ᏳᏗᏠᏆᏍᏔᏁ ᏩᎭᏯ.""","Right there the rabbit fell down, knowing that the wolf had learned nothing.","ᏍᎩᏃᏳᏍᏗ Ꮎ ᏥᏓᏇᏍᏓᏁᎮ ᏗᎳᏑᎶ, ᏧᎾᏍᏗᎩᏃ ᎨᏎ.” || That's why those shoes hurt me, because they were too small.""
ᎤᎾᏛ ᏚᏗᏨ ᏥᏍᏚ ᎤᏩᎾᏛ Ꮭ ᎫᎱᏍᏗ ᏳᏗᏠᏆᏍᏔᏁ ᏩᎭᏯ."" || Right there the rabbit fell down, knowing that the wolf had learned nothing."
8344,accepted_after_repair,,story_narrative,named_entity_heavy|latin_heavy_left,"ᎠᎼ ᎦᏚᎢᏣ ᏳᏓᏬᎠ ᎯᎠ ᎾᏂᏪᏎᎮ, ᏤᏍᏗ ᎭᎾ ᏯᏓᏬᏍᎨᏍᏗ ᎤᏍᏗ ᎠᏣᏗ, ᏣᏠᎯ ᏓᎦᏃᎯᎸᏍᏔᏂ ᏃᎴ ᏓᏣᎾᎩᏍᏔᏂ!"""", When Littlefish swam near the top of the pond they would say, Don't swim near there Littlefish","the Kingfisher bird will fly by and scoop you up!""""","ᎠᎼ ᎦᏚᎢᏣ ᏳᏓᏬᎠ ᎯᎠ ᎾᏂᏪᏎᎮ, ᏤᏍᏗ ᎭᎾ ᏯᏓᏬᏍᎨᏍᏗ ᎤᏍᏗ ᎠᏣᏗ || ᏣᏠᎯ ᏓᎦᏃᎯᎸᏍᏔᏂ ᏃᎴ ᏓᏣᎾᎩᏍᏔᏂ!"""" || When Littlefish swam near the top of the pond they would say, Don't swim near there Littlefish || the Kingfisher bird will fly by and scoop you up!"""""
8345,accepted_after_repair,,story_narrative,named_entity_heavy|latin_heavy_left,"ᏃᏗ ᎠᏍᏛᎢ ᎢᏣ ᏳᏓᏬᎠ, ᎯᎠ ᎾᏂᏪᏍᎨᎢ, ᏤᏍᏗ ᎭᎾ ᏯᏓᏬᏍᎨᏍᏗ, ᎬᎳ ᏏᏓᏁᎸ ᏓᎨᏣᎾᎩᏏ ᏃᎴ ᏓᎨᏣᏯᎪᏂ!"""", When Littlefish swam near the side of the pond, they would say, Don't swim there Littlefish","the raccoon family will grab you and gobble you up!""""","ᏃᏗ ᎠᏍᏛᎢ ᎢᏣ ᏳᏓᏬᎠ, ᎯᎠ ᎾᏂᏪᏍᎨᎢ, ᏤᏍᏗ ᎭᎾ ᏯᏓᏬᏍᎨᏍᏗ || ᎬᎳ ᏏᏓᏁᎸ ᏓᎨᏣᎾᎩᏏ ᏃᎴ ᏓᎨᏣᏯᎪᏂ!"""" || When Littlefish swam near the side of the pond, they would say, Don't swim there Littlefish || the raccoon family will grab you and gobble you up!"""""
8359,accepted_after_repair,,story_narrative,named_entity_heavy|latin_heavy_left,"ᎤᏛᎦᏁ ᎤᏥ ᎦᏬᏂᏍᎬ, ᎤᏍᏗ ᎠᏣᏗ, ᎤᏍᏗ ᎠᏣᏗ ᎣᏏᏉᏧ? ᎨᏍᏗ ᏫᎬᎩᎶᎯᏍᏗ ᏱᎩ ᏫᎬᎾᎩᏍᏗ, ᎠᏎᏃ ᏣᏟᏂᎩᏓ ᎤᏍᏗ ᎠᏣᏗ, ᏃᎴ ᏰᎵᏉ ᏘᏩᏛ ᏨᏌ ᏣᏁᎳᏗᏍᏗ ᎯᎸᎢᏴ."""", He heard his mother's voice, Littlefish, Littlefish, are you okay? I cannot fit through to come and get you","but you are a strong Littlefish and will find your own home some day.""""","ᎤᏛᎦᏁ ᎤᏥ ᎦᏬᏂᏍᎬ, ᎤᏍᏗ ᎠᏣᏗ || ᎤᏍᏗ ᎠᏣᏗ ᎣᏏᏉᏧ? ᎨᏍᏗ ᏫᎬᎩᎶᎯᏍᏗ ᏱᎩ ᏫᎬᎾᎩᏍᏗ || ᎠᏎᏃ ᏣᏟᏂᎩᏓ ᎤᏍᏗ ᎠᏣᏗ || ᏃᎴ ᏰᎵᏉ ᏘᏩᏛ ᏨᏌ ᏣᏁᎳᏗᏍᏗ ᎯᎸᎢᏴ."""" || He heard his mother's voice, Littlefish || Littlefish || are you okay? I cannot fit through to come and get you || but you are a strong Littlefish and will find your own home some day."""""
8360,accepted_after_repair,,story_narrative,named_entity_heavy|latin_heavy_left,"ᎣᏏᏉ ᎨᏎᏍᏗ ᎤᏍᏗ ᎠᏣᏗ, ᎭᏓᏬᏣ, ᎭᏓᏬᏣ."""", You will be okay Littlefish, so swim on","swim on.""""","ᎣᏏᏉ ᎨᏎᏍᏗ ᎤᏍᏗ ᎠᏣᏗ || ᎭᏓᏬᏣ || ᎭᏓᏬᏣ."""" || You will be okay Littlefish || so swim on || swim on."""""
8362,accepted_after_repair,,story_narrative,latin_heavy_left,"ᎤᏍᏗ ᎠᏣᏗ, ᎭᏓᏬᏣ."""", Littlefish","swim on.""""","ᎤᏍᏗ ᎠᏣᏗ || ᎭᏓᏬᏣ."""" || Littlefish || swim on."""""
8376,accepted_after_repair,,story_narrative,named_entity_heavy|latin_heavy_left,"ᎠᏍᎦᎢᎮ, ᎠᏎᏃ ᎾᎥᏂ ᏭᎷᏤ ᎠᏤᎯ ᎠᏣᏗ ᏃᎴ ᎤᏍᎦᎣᏅ ᎤᏬᏂᏎ, ᏏᏲ, ᎤᏍᏗ ᎠᏣᏗ ᎬᏉᏎᎰ, ᎨᏍᏗ ᎯᎸᎯᏳ ᏥᎪᎥᏱᎩ ᏂᎯ ᎢᏳᏍᏗ ᎠᏣᏗ."""", He was afraid, but he swam up to the new fish and said in his tiny frightened voice, Hello","I am called Littlefish and I've never seen a fish like you.""""","ᎠᏍᎦᎢᎮ, ᎠᏎᏃ ᎾᎥᏂ ᏭᎷᏤ ᎠᏤᎯ ᎠᏣᏗ ᏃᎴ ᎤᏍᎦᎣᏅ ᎤᏬᏂᏎ, ᏏᏲ || ᎤᏍᏗ ᎠᏣᏗ ᎬᏉᏎᎰ || ᎨᏍᏗ ᎯᎸᎯᏳ ᏥᎪᎥᏱᎩ ᏂᎯ ᎢᏳᏍᏗ ᎠᏣᏗ."""" || He was afraid, but he swam up to the new fish and said in his tiny frightened voice, Hello || I am called Littlefish and I've never seen a fish like you."""""
8377,accepted_after_repair,,story_narrative,named_entity_heavy|latin_heavy_left,"ᎤᏍᎦᏃᎵ ᎾᎥᏂ ᎤᎷᏤ ᎤᏔᏂᏗᎨ ᎠᏣᏗ, ᎡᎳᏗ ᎢᏳᏍᏗ ᎤᏬᏂᏎ, ᏏᏲ ᎤᏍᏗ ᎠᏣᏗ, ᎤᎬᏍᏕᎵ ᎬᏉᏎᎰ ᎠᏂᏣᎳᎩ."""", The larger fish swam slowly up to him and said in a gravelly voice, Hello Littlefish","the Cherokee people call me Knottyhead.""""","ᎤᏍᎦᏃᎵ ᎾᎥᏂ ᎤᎷᏤ ᎤᏔᏂᏗᎨ ᎠᏣᏗ, ᎡᎳᏗ ᎢᏳᏍᏗ ᎤᏬᏂᏎ, ᏏᏲ ᎤᏍᏗ ᎠᏣᏗ || ᎤᎬᏍᏕᎵ ᎬᏉᏎᎰ ᎠᏂᏣᎳᎩ."""" || The larger fish swam slowly up to him and said in a gravelly voice, Hello Littlefish || the Cherokee people call me Knottyhead."""""
8379,accepted_after_repair,,story_narrative,named_entity_heavy|latin_heavy_left,"ᎦᎵᎡᎵᎩ ᏕᎩᎾᏦᏒᎢ ᎤᎬᏍᏕᎵ, ᎤᏛᏁ ᎤᏍᏗ ᎠᏣᏗ., Littlefish replied, It is very nice to meet you","Knottyhead.""""","ᎦᎵᎡᎵᎩ ᏕᎩᎾᏦᏒᎢ ᎤᎬᏍᏕᎵ ||  ᎤᏛᏁ ᎤᏍᏗ ᎠᏣᏗ. || Littlefish replied, It is very nice to meet you || Knottyhead."""""
8380,accepted_after_repair,,story_narrative,named_entity_heavy|latin_heavy_left,"ᏲᏎᎢ ᎬᏇᏓᏍᏗ ᏱᎨᏎ, ᏲᏎᎢ ᎬᏆᏛᎦᏍᏙᏗ ᎢygᎡᏎ ᏄᎾᏓᎴᎲ ᎠᏣᏗ ᏕᏣᏙᎥ ᎠᏎᏃ ᎤᏍᏗᎩ ᎢᏧᎳ ᎩᏂᏴᏍᏗ ᎠᎹ ᎦᏁᎲ, ᏫᏥ ᏫᏓᎦᏓᏬᎢ. ᏕᎾᏓᎪᎲᏳ ᎤᎬᏍᏕᎵ."""", I would like to stay and hear of all the different fish you have seen and met but this pond is too small for both of us, so I must swim on. Goodbye","Knottyhead.""""","ᏲᏎᎢ ᎬᏇᏓᏍᏗ ᏱᎨᏎ || ᏲᏎᎢ ᎬᏆᏛᎦᏍᏙᏗ ᎢygᎡᏎ ᏄᎾᏓᎴᎲ ᎠᏣᏗ ᏕᏣᏙᎥ ᎠᏎᏃ ᎤᏍᏗᎩ ᎢᏧᎳ ᎩᏂᏴᏍᏗ ᎠᎹ ᎦᏁᎲ || ᏫᏥ ᏫᏓᎦᏓᏬᎢ. ᏕᎾᏓᎪᎲᏳ ᎤᎬᏍᏕᎵ."""" || I would like to stay and hear of all the different fish you have seen and met but this pond is too small for both of us || so I must swim on. Goodbye || Knottyhead."""""
8384,accepted_after_repair,,story_narrative,named_entity_heavy|latin_heavy_left,"ᎠᏍᎦᎢᎮ ᎤᏍᏗ ᎠᏣᏗ ᎠᏎᏃ ᎾᎥᏂ ᏭᎷᏤ, ᏏᏲ, ᎤᏍᏗ ᎠᏣᏗ ᎬᏉᏎᎰ ᏃᎴ ᎨᏍᏗ ᎯᎸᎯᏳ ᏥᎪᎥ ᎠᏣᏗ ᏂᎯ ᎢᏳᏍᏗ."""", Littlefish was afraid but swam up to it anyway and said, Hello","I am called Littlefish and I have never seen a fish like you.""""","ᎠᏍᎦᎢᎮ ᎤᏍᏗ ᎠᏣᏗ ᎠᏎᏃ ᎾᎥᏂ ᏭᎷᏤ, ᏏᏲ || ᎤᏍᏗ ᎠᏣᏗ ᎬᏉᏎᎰ ᏃᎴ ᎨᏍᏗ ᎯᎸᎯᏳ ᏥᎪᎥ ᎠᏣᏗ ᏂᎯ ᎢᏳᏍᏗ."""" || Littlefish was afraid but swam up to it anyway and said, Hello || I am called Littlefish and I have never seen a fish like you."""""
8385,accepted_after_repair,,story_narrative,named_entity_heavy|latin_heavy_left,"ᏏᏲ ᎤᏍᏗ ᎠᏣᏗ, ᏧᏩ ᎬᏉᏎᎰ ᎠᏂᏣᎳᎩ ᏃᎴ ᎨᏍᏗ ᎠᏣᏗ ᏱᎩ ᎠᏯ, ᎠᏯᏃ ᎤᏔᏂᏓ ᏚᏪᎦ."""", Hello Littlefish, I am called Mud Dog by the Cherokee and I am not a fish","I am a large salamander.""""","ᏏᏲ ᎤᏍᏗ ᎠᏣᏗ || ᏧᏩ ᎬᏉᏎᎰ ᎠᏂᏣᎳᎩ ᏃᎴ ᎨᏍᏗ ᎠᏣᏗ ᏱᎩ ᎠᏯ || ᎠᏯᏃ ᎤᏔᏂᏓ ᏚᏪᎦ."""" || Hello Littlefish || I am called Mud Dog by the Cherokee and I am not a fish || I am a large salamander."""""
8386,accepted_after_repair,,news,domain_news|headline_like|named_entity_heavy,"ᏏᏲ ᏧᏩ, ᎤᏛᏁ ᎤᏍᏗ ᎠᏣᏗ.","Littlefish said, Hello Mud Dog.""""","ᏏᏲ ᏧᏩ ||  ᎤᏛᏁ ᎤᏍᏗ ᎠᏣᏗ. || Littlefish said, Hello Mud Dog."""""
8387,accepted_after_repair,,story_narrative,named_entity_heavy|latin_heavy_left,"ᎦᎵᎡᎵᎩ ᏥᏕᎾᏦᎯ, ᎠᏎᏃ ᏫᏥ ᏩᏆᏓᏬᏍᏗ."""", It's very nice to meet you","but I must swim on.""""","ᎦᎵᎡᎵᎩ ᏥᏕᎾᏦᎯ || ᎠᏎᏃ ᏫᏥ ᏩᏆᏓᏬᏍᏗ."""" || It's very nice to meet you || but I must swim on."""""
8393,accepted_after_repair,,story_narrative,named_entity_heavy|latin_heavy_left,"ᎦᏲᏟ ᎠᏍᎦᎢᎮ ᎤᏍᏗ ᎠᏣᏗ, ᎠᏎᏃ ᎾᎥᏂ ᏭᎷᏤ, ᏏᏲ, ᎤᏍᏗ ᎠᏣᏗ ᎬᏉᏎᎰ ᏃᎴ ᎨᏍᏗ ᎯᎸᎯᏳ ᏥᎪᎥ ᏱᎩ ᎠᏣᏗ ᏂᎯ ᎢᏳᏍᏗ."""", Littlefish was kind of afraid, but swam up to it and said, Hello","I'm called Littlefish and I've never seen a fish like you.""""","ᎦᏲᏟ ᎠᏍᎦᎢᎮ ᎤᏍᏗ ᎠᏣᏗ, ᎠᏎᏃ ᎾᎥᏂ ᏭᎷᏤ, ᏏᏲ || ᎤᏍᏗ ᎠᏣᏗ ᎬᏉᏎᎰ ᏃᎴ ᎨᏍᏗ ᎯᎸᎯᏳ ᏥᎪᎥ ᏱᎩ ᎠᏣᏗ ᏂᎯ ᎢᏳᏍᏗ."""" || Littlefish was kind of afraid, but swam up to it and said, Hello || I'm called Littlefish and I've never seen a fish like you."""""
8394,accepted_after_repair,,story_narrative,named_entity_heavy|latin_heavy_left,"ᎤᏓᎴᏨ ᎩᎦᎨ ᎠᏣᏗ ᏚᏩᏓᎷᏯᏛ ᎢᏧᏩᏂ ᏄᏪᏎ, ᏏᏲ ᎤᏍᏗ ᎠᏣᏗ, ᏥᏍᏆᎸᎾ ᎬᏉᏎᎰ ᏚᏅᏓᏒ ᎠᏁᎯ."""", The red fish with the strange fins replied, Hello Littlefish","the people of the mountains call me Crawdaddy.""""","ᎤᏓᎴᏨ ᎩᎦᎨ ᎠᏣᏗ ᏚᏩᏓᎷᏯᏛ ᎢᏧᏩᏂ ᏄᏪᏎ, ᏏᏲ ᎤᏍᏗ ᎠᏣᏗ || ᏥᏍᏆᎸᎾ ᎬᏉᏎᎰ ᏚᏅᏓᏒ ᎠᏁᎯ."""" || The red fish with the strange fins replied, Hello Littlefish || the people of the mountains call me Crawdaddy."""""
8395,accepted_after_repair,,story_narrative,named_entity_heavy|latin_heavy_left,"ᏣᎵᏓᏍᏓ, ᎨᏍᏗ ᎠᏣᏗ ᏱᎩ ᎠᏯ...ᎠᎩᏯᏍᎦᏟ."""", You are mistaken","I am not a fish .. I am a crustacean.""""","ᏣᎵᏓᏍᏓ || ᎨᏍᏗ ᎠᏣᏗ ᏱᎩ ᎠᏯ...ᎠᎩᏯᏍᎦᏟ."""" || You are mistaken || I am not a fish .. I am a crustacean."""""
8396,accepted_after_repair,,general_parallel,named_entity_heavy|latin_heavy_left,"ᎦᎵᎡᎵᎦ ᏥᏕᎾᏦᎯ ᏥᏍᏆᎸᎾ, ᎠᏎᏃ ᏫᏥ ᏩᏆᏓᏬᏍᏗ, ᎤᏛᏁ ᎤᏍᏗ ᎠᏣᏗ., Very nice to meet you Crawdaddy, but I must swim on",said Littlefish.,ᎦᎵᎡᎵᎦ ᏥᏕᎾᏦᎯ ᏥᏍᏆᎸᎾ || ᎠᏎᏃ ᏫᏥ ᏩᏆᏓᏬᏍᏗ ||  ᎤᏛᏁ ᎤᏍᏗ ᎠᏣᏗ. || Very nice to meet you Crawdaddy || but I must swim on ||  said Littlefish.
8398,accepted_after_repair,,story_narrative,named_entity_heavy|latin_heavy_left,"ᎨᏍᏗ ᏯᏍᎦᎢᎮ ᏥᏄᏍᏕ ᎠᎬᏱ ᏣᎴᏂᏍᎨ ᎠᏂᎩᏍᎬ, ᎾᎥᏂ ᏭᎷᏤᎢ, ᏏᏲ, ᎤᏍᏗ ᎠᏣᏗ ᎬᏉᏎᎰ ᏃᎴ ᎨᏍᏗ ᎯᎸᎯᏳ ᏥᎪᎥ ᏂᎯ ᎢᏳᏍᏗ ᎠᏣᏗ."""", He was not afraid as he was when he started his journey, so he swam up to it ad said, Hello","I'm called Littlefish and I've never seen a fish like you.""""","ᎨᏍᏗ ᏯᏍᎦᎢᎮ ᏥᏄᏍᏕ ᎠᎬᏱ ᏣᎴᏂᏍᎨ ᎠᏂᎩᏍᎬ, ᎾᎥᏂ ᏭᎷᏤᎢ, ᏏᏲ || ᎤᏍᏗ ᎠᏣᏗ ᎬᏉᏎᎰ ᏃᎴ ᎨᏍᏗ ᎯᎸᎯᏳ ᏥᎪᎥ ᏂᎯ ᎢᏳᏍᏗ ᎠᏣᏗ."""" || He was not afraid as he was when he started his journey, so he swam up to it ad said, Hello || I'm called Littlefish and I've never seen a fish like you."""""
8399,rejected_after_repair,too_long,,,"ᏏᏲ ᎤᏍᏗ ᎠᏣᏗ."" ᎤᏛᏁ ᎠᏤᎯ ᎠᏣᏗ, ᏗᎦᏌᏆᎸ ᏚᏁᎦᎸ ᏗᎬᏗ, ᎠᏯ ᏓᎶᎨ ᎬᏉᏎᎰ ᎠᏂᏣᎳᎩ. ᏅᏲ ᏥᏓᎣ ᏃᎴ ᏕᏥᏅᎦᎵᏍᎪ."", ""Hello Littlefish. replied the new fish through rounded lips, I am called Hogsucker by the Cherokee people. I cling to rocks and clean them."" ""ᎦᎵᎡᎵᎩ ᏥᏕᎾᏦᎯ, ᏓᎶᎨ, ᎠᏎᏃ ᏰᎵ ᎪᎯᏓ ᎦᏓᏬᏍᎬ Ꮟ ᎤᏓᏅᎯᏓ ᎠᏇᏅᏍᏗ. ᏕᎾᏓᎪᎲᏳ ᏓᎶᎨ."", ""It is very nice to meet you, Hogsucker, but I have been swimming for a long time and still have a long way to go. I must swim on. Goodbye, Hogsucker."" ᏰᎵ ᏧᏙᏓᏆᏓ ᏃᎴ ᏧᏒᎯᏓ ᏧᎶᏐᏅ ᏰᎵ ᎢᏯᏂ ᎠᏂᏤ ᏧᎵᎢ ᏚᎾᏦᏎᎢ ᎠᏂᎩᏍᎬ.""",Many days and nights passed as Littlefish met new friends on his journey.,"ᏏᏲ ᎤᏍᏗ ᎠᏣᏗ."" ᎤᏛᏁ ᎠᏤᎯ ᎠᏣᏗ || ᏗᎦᏌᏆᎸ ᏚᏁᎦᎸ ᏗᎬᏗ || ᎠᏯ ᏓᎶᎨ ᎬᏉᏎᎰ ᎠᏂᏣᎳᎩ. ᏅᏲ ᏥᏓᎣ ᏃᎴ ᏕᏥᏅᎦᎵᏍᎪ."", ""Hello Littlefish. replied the new fish through rounded lips || I am called Hogsucker by the Cherokee people. I cling to rocks and clean them.""
""ᎦᎵᎡᎵᎩ ᏥᏕᎾᏦᎯ, ᏓᎶᎨ, ᎠᏎᏃ ᏰᎵ ᎪᎯᏓ ᎦᏓᏬᏍᎬ Ꮟ ᎤᏓᏅᎯᏓ ᎠᏇᏅᏍᏗ. ᏕᎾᏓᎪᎲᏳ ᏓᎶᎨ."", ""It is very nice to meet you, Hogsucker, but I have been swimming for a long time and still have a long way to go. I must swim on. Goodbye, Hogsucker.""
ᏰᎵ ᏧᏙᏓᏆᏓ ᏃᎴ ᏧᏒᎯᏓ ᏧᎶᏐᏅ ᏰᎵ ᎢᏯᏂ ᎠᏂᏤ ᏧᎵᎢ ᏚᎾᏦᏎᎢ ᎠᏂᎩᏍᎬ."" || Many days and nights passed as Littlefish met new friends on his journey."
8402,accepted_after_repair,,story_narrative,named_entity_heavy|latin_heavy_left,"ᎡᏆ ᎠᏣᏗ ᏭᎷᏤᎴᎢ, ᏏᏲ, ᎤᏍᏗ ᎠᏣᏗ ᎬᏉᏎᎰ ᏃᎴ ᎠᏯ ᎢᏳᏍᏗ ᏤᏣᎧᏃᏗ."""", As he swam up to a big fish and said, Hello","I'm called Littlefish and you look like me.""""","ᎡᏆ ᎠᏣᏗ ᏭᎷᏤᎴᎢ, ᏏᏲ || ᎤᏍᏗ ᎠᏣᏗ ᎬᏉᏎᎰ ᏃᎴ ᎠᏯ ᎢᏳᏍᏗ ᏤᏣᎧᏃᏗ."""" || As he swam up to a big fish and said, Hello || I'm called Littlefish and you look like me."""""
8405,accepted_after_repair,,general_parallel,named_entity_heavy|latin_heavy_left,"ᎠᏎᎩᏍᏉ ᏂᎯ ᎤᏍᏗ ᎠᏣᏗ, ᎤᏛᏁ ᎤᏍᏗ ᎠᏣᏗ., Then you must also be a Littlefish",replied Littlefish.,ᎠᏎᎩᏍᏉ ᏂᎯ ᎤᏍᏗ ᎠᏣᏗ ||  ᎤᏛᏁ ᎤᏍᏗ ᎠᏣᏗ. || Then you must also be a Littlefish ||  replied Littlefish.
8406,accepted_after_repair,,story_narrative,latin_heavy_left,"ᎭᏗ ᏔᎵᏓᏍᏗᏍᎭ."""", No","you are mistaken.""""","ᎭᏗ ᏔᎵᏓᏍᏗᏍᎭ."""" || No || you are mistaken."""""
8410,rejected_after_repair,low_cherokee_left,,,"ᎠᏂᏲᏟᎨ ᎠᎹᏱ ᎠᏍᏛᎢ ᎠᎾᏓᏬ, ᎥᏣ ᎾᎥᏂ, ᎥᏣ ᎭᏫᏂ, ᏃᎴ Ꮳ ᎦᏚᎢᏣ."""", See how the smaller ones swim along the side, not too close, not too deep","and not too high.""""","ᎠᏂᏲᏟᎨ ᎠᎹᏱ ᎠᏍᏛᎢ ᎠᎾᏓᏬ || ᎥᏣ ᎾᎥᏂ || ᎥᏣ ᎭᏫᏂ || ᏃᎴ Ꮳ ᎦᏚᎢᏣ."""" || See how the smaller ones swim along the side || not too close || not too deep || and not too high."""""
8414,accepted_after_repair,,general_parallel,named_entity_heavy|latin_heavy_left,"ᎩᎳᏈᏴ ᎤᏍᏗ ᎠᏣᏗ ᎱᎶᏎ ᏃᎴ ᎯᎠ ᏄᏪᏎ, ᏏᏲ ᎡᏆ ᎠᏣᏗ, ᏃᏗ ᏫᏥᎢᏣ ᏭᏓᏬᎡ., Suddenly a small fish came by and said, Hello Bigfish",and swam on.,"ᎩᎳᏈᏴ ᎤᏍᏗ ᎠᏣᏗ ᎱᎶᏎ ᏃᎴ ᎯᎠ ᏄᏪᏎ, ᏏᏲ ᎡᏆ ᎠᏣᏗ ||  ᏃᏗ ᏫᏥᎢᏣ ᏭᏓᏬᎡ. || Suddenly a small fish came by and said, Hello Bigfish ||  and swam on."
8425,accepted_after_repair,,story_narrative,named_entity_heavy|latin_heavy_left,"ᏳᏫᎬᏩᏙᎯᏙᎴ, ᎠᏎᏃ ᏱᏮᎦᏥᎶᎢ ᎠᏔᎴᎦᏒ."""", I would swim back up to see you","but I'm too big to fit through.""""","ᏳᏫᎬᏩᏙᎯᏙᎴ || ᎠᏎᏃ ᏱᏮᎦᏥᎶᎢ ᎠᏔᎴᎦᏒ."""" || I would swim back up to see you || but I'm too big to fit through."""""
8427,accepted_after_repair,,story_narrative,,"ᏰᎵ ᎢᏯᏂ ᏧᎾᏓᎴᏅᏓ ᎠᏣᏗ ᏕᏥᎪᏩᏔ ᏗᎦᏓᏬᎢᎡ, ᏃᏗ ᎭᏇᏅᏍᏗ ᎤᏍᏆᎸ, ᎨᏉᎢ ᎯᎠ ᎦᏁᎲ ᎠᎹ.""""","I have seen and met many different fish along the way and now I must swim back because I am too big for this pond.""""","ᏰᎵ ᎢᏯᏂ ᏧᎾᏓᎴᏅᏓ ᎠᏣᏗ ᏕᏥᎪᏩᏔ ᏗᎦᏓᏬᎢᎡ || ᏃᏗ ᎭᏇᏅᏍᏗ ᎤᏍᏆᎸ || ᎨᏉᎢ ᎯᎠ ᎦᏁᎲ ᎠᎹ."""" || I have seen and met many different fish along the way and now I must swim back because I am too big for this pond."""""
8428,accepted_after_repair,,story_narrative,named_entity_heavy|latin_heavy_left,"ᏃᏉᏗ ᏥᎦᏔ ᎢᏴ ᎬᏩᏛᏗ, ᏛᏥᎷᏥᏗ ᏛᎬᏩᏔᎰᎵ."""", Now that I know where you are","I will come back and visit you.""""","ᏃᏉᏗ ᏥᎦᏔ ᎢᏴ ᎬᏩᏛᏗ || ᏛᏥᎷᏥᏗ ᏛᎬᏩᏔᎰᎵ."""" || Now that I know where you are || I will come back and visit you."""""
8429,accepted_after_repair,,story_narrative,latin_heavy_left,"ᏕᎾᏓᎪᎲᎤᎢ ᎩᏥ, ᎬᎨᏳ."""", Goodbye mother","I love you.""""","ᏕᎾᏓᎪᎲᎤᎢ ᎩᏥ || ᎬᎨᏳ."""" || Goodbye mother || I love you."""""
8431,accepted_after_repair,,story_narrative,named_entity_heavy|latin_heavy_left,"ᎬᎨᏳ ᎡᏆ ᎠᏣᏗ. ᏫᏥ ᏩᏓᏬᏣ, ᏫᏥ ᏩᏓᏬᏣ…"""", I love you Bigfish. Swim on","swim on…""""","ᎬᎨᏳ ᎡᏆ ᎠᏣᏗ. ᏫᏥ ᏩᏓᏬᏣ || ᏫᏥ ᏩᏓᏬᏣ…"""" || I love you Bigfish. Swim on || swim on…"""""
8453,accepted_after_repair,,story_narrative,named_entity_heavy|latin_heavy_left,"ᏌᏊ ᎢᏳᏩᎬᏘ ᎤᎦᏔᏊ ᎨᏎᎢ, ᏃᏊᏃ ᏒᎦᏔ ᎢᏈᎬᎢ ᎢᎩ."""", Once you were just a seed","now you are an apple tree.""""","ᏌᏊ ᎢᏳᏩᎬᏘ ᎤᎦᏔᏊ ᎨᏎᎢ || ᏃᏊᏃ ᏒᎦᏔ ᎢᏈᎬᎢ ᎢᎩ."""" || Once you were just a seed || now you are an apple tree."""""
8458,accepted_after_repair,,story_narrative,named_entity_heavy|latin_heavy_left,"ᏌᏊᏃ ᎢᏳᏩᎬᏘ ᎤᎦᏔᏊ ᎨᏎᎢ, ᏃᏊᏃ ᏒᎦᏔ ᎢᏈᎬᎢ ᎢᎩ."""", Once you were just a seed","now you are an apple tree.""""","ᏌᏊᏃ ᎢᏳᏩᎬᏘ ᎤᎦᏔᏊ ᎨᏎᎢ || ᏃᏊᏃ ᏒᎦᏔ ᎢᏈᎬᎢ ᎢᎩ."""" || Once you were just a seed || now you are an apple tree."""""
8462,accepted_after_repair,,story_narrative,,"ᎤᏍᏗ ᎢᏈᎬᎢ, ᎦᏙᏊᎢ?"" ᎤᏓᏛᏛᏁᎢ ᎤᏍᏗ ᎠᏧᏣ.""","What's wrong little tree?"" the boy asked.""","ᎤᏍᏗ ᎢᏈᎬᎢ || ᎦᏙᏊᎢ?"" ᎤᏓᏛᏛᏁᎢ ᎤᏍᏗ ᎠᏧᏣ."" || What's wrong little tree?"" the boy asked."""
8464,accepted_after_repair,,story_narrative,,"ᎠᏧᏣᏃ ᎢᏄᏪᏎᎢ, ᏃᏊᏃ ᎢᎩᎾᏔᎾ ᏂᎾᎵᏍᏔᏅᎢ, ᏧᏓᎴᏅᏓ ᎪᎱᏍᏗ ᏱᎨᎦᎾᏛᏁᏗ ᎨᏎᏍᏗ!""""","The boy replied, When we are big we will both be able to do lots of things!""""","ᎠᏧᏣᏃ ᎢᏄᏪᏎᎢ, ᏃᏊᏃ ᎢᎩᎾᏔᎾ ᏂᎾᎵᏍᏔᏅᎢ || ᏧᏓᎴᏅᏓ ᎪᎱᏍᏗ ᏱᎨᎦᎾᏛᏁᏗ ᎨᏎᏍᏗ!"""" || The boy replied, When we are big we will both be able to do lots of things!"""""
8469,accepted_after_repair,,story_narrative,named_entity_heavy|latin_heavy_left,"ᎤᏔᎾ ᎩᎦᎨ ᏒᎦᏔ ᏂᏨᏅᏓ, ᎤᏓᏙᏎᎴᎢ."", You have a big red apple",he said.,"ᎤᏔᎾ ᎩᎦᎨ ᏒᎦᏔ ᏂᏨᏅᏓ, ᎤᏓᏙᏎᎴᎢ."" || You have a big red apple ||  he said."
8472,accepted_after_repair,,general_parallel,latin_heavy_left,"ᏩᏙ, ᎤᏓᏙᏎᎴᎢ Ꮎ ᎠᏧᏣ., Thank you",the boy said.,ᏩᏙ ||  ᎤᏓᏙᏎᎴᎢ Ꮎ ᎠᏧᏣ. || Thank you ||  the boy said.
8479,accepted_after_repair,,story_narrative,named_entity_heavy|latin_heavy_left,"ᏌᏊ ᎢᏳᏩᎬᏘ ᎤᎦᏔᏊ ᎨᏎᎢ, ᏃᏊᏃ ᏒᎦᏔ ᎢᏈᎬᎢ ᎢᎩ."""", Once just a tiny seed","now you are an apple tree.""""","ᏌᏊ ᎢᏳᏩᎬᏘ ᎤᎦᏔᏊ ᎨᏎᎢ || ᏃᏊᏃ ᏒᎦᏔ ᎢᏈᎬᎢ ᎢᎩ."""" || Once just a tiny seed || now you are an apple tree."""""
8488,accepted_after_repair,,story_narrative,named_entity_heavy|latin_heavy_left,"ᏌᏊ ᎢᏳᏩᎬᏘ ᎤᎦᏔᏊ ᎨᏎᎢ, ᏃᏊᏃ ᎤᏔᏅ ᏒᎦᏔ ᎢᏈᎬᎢ ᎢᎩ."""", You were once just a seed","now you are a big apple tree.""""","ᏌᏊ ᎢᏳᏩᎬᏘ ᎤᎦᏔᏊ ᎨᏎᎢ || ᏃᏊᏃ ᎤᏔᏅ ᏒᎦᏔ ᎢᏈᎬᎢ ᎢᎩ."""" || You were once just a seed || now you are a big apple tree."""""
8489,accepted_after_repair,,story_narrative,named_entity_heavy|latin_heavy_left,"ᏒᎦᏔ ᎢᏈᎬᎢ ᎯᎠ ᎢᏄᏪᏎᎴᎢ, ᎥᎥ, ᏃᏊᏃ ᎠᏇᏆᏨᎢ ᏒᎦᏔ ᎢᏈᎬᎢ ᎯᎠᏃ ᏓᎶᏂᎨ ᏒᎦᏔ ᎠᏃᏍᏓ ᎠᏎᏃ Ꮭ ᎢᎸᎯᏳ ᏱᎦᏥᏴᎨᏳ Ꮎ ᎢᎬᏱᎢ ᏒᎦᏔ, ᎾᏍᎩ ᎤᏁᏝᏅᎯ ᎩᎦᎨᎢ ᎢᏳᏩᏁᎸᎢ ..."""", The apple tree replied, Yes, I am a big apple tree now and these yellow apples are very grad, but I will never forget my first apple","the one the Creator made red ...""""","ᏒᎦᏔ ᎢᏈᎬᎢ ᎯᎠ ᎢᏄᏪᏎᎴᎢ, ᎥᎥ || ᏃᏊᏃ ᎠᏇᏆᏨᎢ ᏒᎦᏔ ᎢᏈᎬᎢ ᎯᎠᏃ ᏓᎶᏂᎨ ᏒᎦᏔ ᎠᏃᏍᏓ ᎠᏎᏃ Ꮭ ᎢᎸᎯᏳ ᏱᎦᏥᏴᎨᏳ Ꮎ ᎢᎬᏱᎢ ᏒᎦᏔ || ᎾᏍᎩ ᎤᏁᏝᏅᎯ ᎩᎦᎨᎢ ᎢᏳᏩᏁᎸᎢ ..."""" || The apple tree replied, Yes || I am a big apple tree now and these yellow apples are very grad || but I will never forget my first apple || the one the Creator made red ..."""""
8493,accepted_after_repair,,general_parallel,named_entity_heavy|latin_heavy_left,"“ᎩᎳ ᎠᎬᏱ ᏓᎨᏏ ᏧᎦᏃᏮ ᏗᏣ ᎠᏮᏅᎦ ᎠᏆᏕᎶᎰᎯᏍᏗ Ꭳ!"", ""This is my first trip South I can hardly wait to know OH!"" ""ᎢᎾᏧ ᏫᎦᎶᎯᏍᏗ?"", ""Is it very far down there?"" ""ᎲᎦ ᎢᏳᏓᏅᎯᏓ ᏫᎦᎶᎯᏍᏗ?"", ""How far do we have to go?"" “ᏃᏗ ᎠᏆᏛᏅᎢᏍᏔᏃᏂᏗ, ” ᎤᏛᏁ ᎤᏥ"", I'm almost ready",said his mom,"“ᎩᎳ ᎠᎬᏱ ᏓᎨᏏ ᏧᎦᏃᏮ ᏗᏣ ᎠᏮᏅᎦ ᎠᏆᏕᎶᎰᎯᏍᏗ Ꭳ!"", ""This is my first trip South I can hardly wait to know OH!""
""ᎢᎾᏧ ᏫᎦᎶᎯᏍᏗ?"", ""Is it very far down there?""
""ᎲᎦ ᎢᏳᏓᏅᎯᏓ ᏫᎦᎶᎯᏍᏗ?"", ""How far do we have to go?""
“ᏃᏗ ᎠᏆᏛᏅᎢᏍᏔᏃᏂᏗ || ” ᎤᏛᏁ ᎤᏥ"" || I'm almost ready ||  said his mom"
8495,accepted_after_repair,,story_narrative,latin_heavy_left,"ᏧᏓᏏ, ᎾᎥᏂ ᎯᏃᎯᎵᏎᏍᏗ ᎤᎾᏰᎯᏍᏗ ᏫᏓᏗᎶᏏ.”"", Buddy","you must stay close to us For a very hard trip it will be.""""","ᏧᏓᏏ || ᎾᎥᏂ ᎯᏃᎯᎵᏎᏍᏗ ᎤᎾᏰᎯᏍᏗ ᏫᏓᏗᎶᏏ.”"" || Buddy || you must stay close to us For a very hard trip it will be."""""
8513,accepted_after_repair,,general_parallel,named_entity_heavy|latin_heavy_left,"“ᏑᎾᎴ ᏂᎦᎵᏍᏔᏅ ᏓᏥᎦᏘᏗ ᎾᎯᏳ ᎨᏒ ᎤᏪᎵᏎ, ᎪᎱᏍᏗ ᏯᏍᎦᎢᎲᎾ."", I'll wait until it is morning, then I'll go","he thought, feeling bold.","“ᏑᎾᎴ ᏂᎦᎵᏍᏔᏅ ᏓᏥᎦᏘᏗ  ᎾᎯᏳ ᎨᏒ ᎤᏪᎵᏎ || ᎪᎱᏍᏗ ᏯᏍᎦᎢᎲᎾ."" || I'll wait until it is morning || then I'll go ||  he thought, feeling bold."
8523,rejected_after_repair,low_cherokee_left,,,"“Ꭵ, ᎤᏙᏳᎯ,” ᎤᏛᏁ, Yes, you are right",he said,"“Ꭵ, ᎤᏙᏳᎯ,” ᎤᏛᏁ || Yes || you are right ||  he said"
8524,accepted_after_repair,,general_parallel,,"ᎠᏎᎩ ᎤᏲ ᏱᏂᎬᎦ ᏤᏣᎧᏃᏗ """"",I guess I would mess up your looks,"ᎠᏎᎩ ᎤᏲ ᏱᏂᎬᎦ ᏤᏣᎧᏃᏗ """" || I guess I would mess up your looks || "
8527,rejected_after_repair,low_cherokee_left,,,"“ᎤᏟᏂᎩᏓ ᎠᏓᏯ ᏧᎬ ᏓᏥᏯᏛᏛᏂ ᎨᎵᎠ ᏳᏣᏅᏓ,” ᎤᏛᏁ, I'll ask that big strong oak tree, I'm sure he'll have some room",he said.,"“ᎤᏟᏂᎩᏓ ᎠᏓᏯ ᏧᎬ ᏓᏥᏯᏛᏛᏂ ᎨᎵᎠ ᏳᏣᏅᏓ,” ᎤᏛᏁ || I'll ask that big strong oak tree || I'm sure he'll have some room ||  he said."
8536,accepted_after_repair,,story_narrative,named_entity_heavy|latin_heavy_left,"ᎠᏆᏦᎩ ᎠᏆᏣᏪᏐᎸᏍᏗ ᏃᎴ ᎠᎩᎦᏘᏗᏍᏗ, ᎪᎳ ᎠᏂᎩᏍᎬ ᎢᎪᎯᏓ."""", I cannot find a place to stay and wait","until winter is gone.""""","ᎠᏆᏦᎩ ᎠᏆᏣᏪᏐᎸᏍᏗ ᏃᎴ ᎠᎩᎦᏘᏗᏍᏗ || ᎪᎳ ᎠᏂᎩᏍᎬ ᎢᎪᎯᏓ."""" || I cannot find a place to stay and wait || until winter is gone."""""
8543,accepted_after_repair,,story_narrative,,"“Ꭳ, ᎣᏍᏓᏗ ᏤᏣᎧᏃᏗ.”, Oh","you look just fine to me.""""","“Ꭳ, ᎣᏍᏓᏗ ᏤᏣᎧᏃᏗ.” || Oh || you look just fine to me."""""
8570,accepted_after_repair,,story_narrative,named_entity_heavy|latin_heavy_left,"ᏓᏥᏩᏛᎯ ᎢᏗᎬᎾᏗ ᏗᎪᏪᎶᏗ ᎠᏯ ᎢᎩᏠᏯ ᎢᏗᏴᏫ, ᎤᏛᏁᎢ., I will invent writing for our people",he said.,ᏓᏥᏩᏛᎯ ᎢᏗᎬᎾᏗ ᏗᎪᏪᎶᏗ ᎠᏯ ᎢᎩᏠᏯ ᎢᏗᏴᏫ ||  ᎤᏛᏁᎢ. || I will invent writing for our people ||  he said.
8576,accepted_after_repair,,general_parallel,named_entity_heavy|latin_heavy_left,"ᏄᏓᏅᏛᎾᏛ, ᎠᎾᏗᏍᎨ ᎠᏂᏴᏫ., He is crazy",the people jeered.,ᏄᏓᏅᏛᎾᏛ ||  ᎠᎾᏗᏍᎨ ᎠᏂᏴᏫ. || He is crazy ||  the people jeered.
8578,accepted_after_repair,,general_parallel,named_entity_heavy|latin_heavy_left,"ᎡᏕᏲᎲᎦ ᎯᎠ ᎤᏓᏅᏕᏙᏗ, ᎠᎾᏗᏍᎨ ᎾᎥ ᎢᏳᎾᏓᎵ., We should teach him a lesson",the neighbors hooted.,ᎡᏕᏲᎲᎦ ᎯᎠ ᎤᏓᏅᏕᏙᏗ ||  ᎠᎾᏗᏍᎨ ᎾᎥ ᎢᏳᎾᏓᎵ. || We should teach him a lesson ||  the neighbors hooted.
8580,accepted_after_repair,,general_parallel,named_entity_heavy|latin_heavy_left,"ᎢᏓᎪᎲᏍᏗ ᎤᏓᏁᎸᎢ, ᎠᏎᎯᏅ., Let's burn down his cabin",they cried.,ᎢᏓᎪᎲᏍᏗ ᎤᏓᏁᎸᎢ ||  ᎠᏎᎯᏅ. || Let's burn down his cabin ||  they cried.
8601,accepted_after_repair,,story_narrative,,"Ꭷ ᎦᏙᎯ ᎨᏎ ᎯᎠ ᎠᏍᎦᏯ ᏍᏏᏉᏯ?"" ᎡᏙᏓ ᎠᏆᏛᏛᏅ."", Now","who was this Sequoyah?"" my father asks.""","Ꭷ ᎦᏙᎯ ᎨᏎ ᎯᎠ ᎠᏍᎦᏯ ᏍᏏᏉᏯ?"" ᎡᏙᏓ ᎠᏆᏛᏛᏅ."" || Now || who was this Sequoyah?"" my father asks."""
8616,accepted_after_repair,,story_narrative,,"ᎾᏍᎩ ᎯᎠ ᏣᎾᏕᎦᏪᏎᎮᎢ, ᎨᎾ, ᎤᏍᏗ ᎠᎨᏳᏣ, ᎨᎾ ᏣᎵᏏ ᏩᏣᏔᏬᎢᏏ ᏍᏔᏰᎬᎢ.""""","She would say to them, “Come, little girl, come to your granny and let me comb your hair.”","ᎾᏍᎩ ᎯᎠ ᏣᎾᏕᎦᏪᏎᎮᎢ, ᎨᎾ || ᎤᏍᏗ ᎠᎨᏳᏣ || ᎨᎾ ᏣᎵᏏ ᏩᏣᏔᏬᎢᏏ ᏍᏔᏰᎬᎢ."""" || She would say to them, “Come, little girl, come to your granny and let me comb your hair.”"
8619,accepted_after_repair,,story_narrative,,"ᎤᏪᎳ ᏥᎩᎠ, ᏧᏪᎳ ᏕᏥᎩᏍᎪᎢ Ꮡ, Ꮜ, ᏌᎢ""""","“Liver, I eat... su sa sai”","ᎤᏪᎳ ᏥᎩᎠ || ᏧᏪᎳ ᏕᏥᎩᏍᎪᎢ Ꮡ || Ꮜ || ᏌᎢ"""" || “Liver, I eat... su sa sai”"
8620,accepted_after_repair,,story_narrative,,"ᎭᎸᎢᏳ ᎤᏤᎵᏛ ᎦᏃᏟᏙᎯ ᏣᎪᏘᏍᎨᎢ ᎪᏍᏓᏱ ᏗᎦᏘᏍᏙᏗ ᎦᏰᏌᏛᎢ ᏍᎩᎾ ᎤᏩᏏ ᏚᏓᏥᎶᏍᏓᏅᎢ ᎢᎾᎨᎢ ᎢᏣ ᏫᎦᎶᏍᎬᎢ ᏃᎴ ᏕᎧᏃᎩᏍᎨ, ᎤᏪᎳ ᏥᎩᎠ ᏧᏪᎳ ᏕᏥᎩᏍᎪᎢ Ꮡ, Ꮜ, ᏌᎢ""""",Sometimes a solitary hunter would see Spearfinger in her proper form going through the woods singing to herself... “liver I eat su sa sai”,"ᎭᎸᎢᏳ ᎤᏤᎵᏛ ᎦᏃᏟᏙᎯ ᏣᎪᏘᏍᎨᎢ ᎪᏍᏓᏱ ᏗᎦᏘᏍᏙᏗ ᎦᏰᏌᏛᎢ ᏍᎩᎾ ᎤᏩᏏ ᏚᏓᏥᎶᏍᏓᏅᎢ ᎢᎾᎨᎢ ᎢᏣ ᏫᎦᎶᏍᎬᎢ ᏃᎴ ᏕᎧᏃᎩᏍᎨ, ᎤᏪᎳ ᏥᎩᎠ ᏧᏪᎳ ᏕᏥᎩᏍᎪᎢ Ꮡ || Ꮜ || ᏌᎢ"""" || Sometimes a solitary hunter would see  Spearfinger in her proper form going through the woods singing to herself... “liver I eat su sa sai”"
8641,accepted_after_repair,,story_narrative,,"ᏗᏧᎧᎬᎢ ᏧᎩᎴ ᏃᎴ ᏣᏚᏃᎩᏎᎢ, ᎤᏂ, ᎤᏂ, ᎤᏂ, ᏥᏍᏆ ᏔᏯᎪᎦ.","It perched on a tree and sang out “un, un, un”.","ᏗᏧᎧᎬᎢ ᏧᎩᎴ ᏃᎴ ᏣᏚᏃᎩᏎᎢ, ᎤᏂ || ᎤᏂ || ᎤᏂ ||  ᏥᏍᏆ ᏔᏯᎪᎦ. || It perched on a tree and sang out “un, un, un”."
8642,accepted_after_repair,,story_narrative,,"ᎯᎠᏃ ᎠᏂᏃᏟᏙᎯ ᎯᎠ ᏂᎦᏪᏍᎬᎢ ᏧᏁᎵᏎᎢ ᎤᎾᎱ, ᎱᏰᎳᏚᎢ ᎯᎠ ᎪᏪᎸᎢ ᎤᏓᎾᏛᎢ, ᎠᏎᏃ ᏣᏓᏍᏆᎵᏍᏗᏍᎨ ᏗᎦᏟᏓ ᏃᎴ ᎡᎳᏗ ᏣᏗᏥᎮᎢ.","The hunters thought the titmouse was saying “unahu”, which means heart. They aimed their arrows at Spearfinger’s heart, but the arrows just broke and fell to the ground.","ᎯᎠᏃ ᎠᏂᏃᏟᏙᎯ ᎯᎠ ᏂᎦᏪᏍᎬᎢ ᏧᏁᎵᏎᎢ ᎤᎾᎱ ||  ᎱᏰᎳᏚᎢ ᎯᎠ ᎪᏪᎸᎢ ᎤᏓᎾᏛᎢ, ᎠᏎᏃ ᏣᏓᏍᏆᎵᏍᏗᏍᎨ ᏗᎦᏟᏓ ᏃᎴ ᎡᎳᏗ ᏣᏗᏥᎮᎢ. || The hunters thought the titmouse was saying “unahu”, which means heart. They aimed their arrows at Spearfinger’s heart, but the arrows just broke and fell to the ground."
8686,accepted_after_repair,,story_narrative,latin_heavy_left,"Josiah ᏣᏥᏩᏛᎡᎸ Ꮓ` ᏥᎩ ᏑᏕᏘᏴᏓ, ᎾᏍᎩ ᎢᎬᏱ ᎤᏕᏘᏴᏌᏗᏒ ᎠᏕᎶᏆᏍᎬ ᎠᎴ ᏂᎬᏩᏍᏓ, ” ᎠᏗᏍᎬ Bark.""","“Josiah has been diagnosed for over a year, and his first year was quite a learning experience and still is,” Bark said.","Josiah ᏣᏥᏩᏛᎡᎸ Ꮓ` ᏥᎩ ᏑᏕᏘᏴᏓ || ᎾᏍᎩ ᎢᎬᏱ ᎤᏕᏘᏴᏌᏗᏒ ᎠᏕᎶᏆᏍᎬ ᎠᎴ ᏂᎬᏩᏍᏓ || ” ᎠᏗᏍᎬ Bark."" || “Josiah has been diagnosed for over a year, and his first year was quite a learning experience and still is,” Bark said."
9199,accepted_after_repair,,general_parallel,named_entity_heavy|latin_heavy_left,"ᎠᏕᎳ ᎠᎨᏴᏗ ᎨᏒ ᏗᏓᎴᏂ ᎠᏍᎦᏂ."""", The love of money is the root of evil."" ᏱᏣᏚᎳᏍ ᎠᏕᎵᏗᏗ ᏗᏣᎸᏫᏍᏓᏁᏗ?""",Would you like to work in a bank?,"ᎠᏕᎳ ᎠᎨᏴᏗ ᎨᏒ ᏗᏓᎴᏂ ᎠᏍᎦᏂ."""" || The love of money is the root of evil.""
ᏱᏣᏚᎳᏍ ᎠᏕᎵᏗᏗ ᏗᏣᎸᏫᏍᏓᏁᏗ?"" || Would you like to work in a bank?"
9542,accepted_after_repair,,story_narrative,,"ᎠᏍᎦᏰᎬᏍᏓ ᎣᏍᏗᏁᎵ, ᎤᏛᏅ ᎠᎨᏯ.","The woman said, My husband is handsome.""""","ᎠᏍᎦᏰᎬᏍᏓ ᎣᏍᏗᏁᎵ ||  ᎤᏛᏅ ᎠᎨᏯ. || The woman said, My husband is handsome."""""
9682,accepted_after_repair,,story_narrative,,"ᏩᏍᏆᎳᎯᏴ ᎤᏓᏡᎬ ᎦᎸᏉᏗ ᎪᏪᎵ, ᏥᏌ ᏚᏠᎯᎸᎢ, ᎠᏗᎭ.","The shortest verse in the bible says, Jesus wept.""""","ᏩᏍᏆᎳᎯᏴ ᎤᏓᏡᎬ ᎦᎸᏉᏗ ᎪᏪᎵ, ᏥᏌ ᏚᏠᎯᎸᎢ ||  ᎠᏗᎭ. || The shortest verse in the bible says, Jesus wept."""""
10692,accepted_after_repair,,story_narrative,named_entity_heavy|latin_heavy_left,"ᎠᏣᎳᎩ ᎤᏴᏜ ᏳᏂᏴᎭ"" Ꮭ ᎤᏴᏜ ᏱᎦᏂᏱᏍᎪᎢ, ᎤᏴᏜᏍᎩᏂ ᎤᎬᏫᏍᏳᏐ ᎤᏂᏱᏍᎪᎢ."", Whenever a Cherokee catches"" a cold, he doesn't catch the cold; rather","the cold catches him.""","ᎠᏣᎳᎩ ᎤᏴᏜ ᏳᏂᏴᎭ"" Ꮭ ᎤᏴᏜ ᏱᎦᏂᏱᏍᎪᎢ || ᎤᏴᏜᏍᎩᏂ ᎤᎬᏫᏍᏳᏐ ᎤᏂᏱᏍᎪᎢ."" || Whenever a Cherokee catches"" a cold || he doesn't catch the cold; rather || the cold catches him."""
